7360691145892007200,akatsukigmbh,"onepiece, luffy, anime, gear5, animeedit, reaction, fy, fyp, xyzbca, entrance",lucci really thought he had a chance ğŸ¤£ #onepiece #luffy #anime #gear5 #animeedit #reaction #fy #fyp #xyzbca #entrance 
7355958085963320581,ezhardwarebr,"setup, meme, pc, pcgamer, setupgamer",analisando o #setup do @jovemryaan  #meme #pc #pcgamer #setupgamer (se quiser ser analisado ğŸ§ entra no grupo do analisando setups e manda seu setup por lÃ¡! link na bio)
7352935543933652267,nightxparade,"wallpaper, wallpaperengine, livewallpaper, animewallpaper, gamingsetup, jjkedit, jujutsukaisen",Best Live PC Backgrounds | More in my profile ğŸ”— Exclusive Wallpapers  @NIGHTPARADE  Rainmeter Day/Date Tutorial  @NIGHTPARADE  #wallpaper #wallpaperengine #livewallpaper #animewallpaper #gamingsetup #jjkedit #jujutsukaisen 
7347811508941786373,prodbylia,"mangacollection, collection, digitaldiary, unboxing, mangaunboxing, demonslayer, demonslayermanga, kimetsunoyaiba, mangahaul, haul, mangacollector, fyp, foryou",comeÃ§ando uma nova coleÃ§Ã£o ! ğŸ’—  #mangacollection #collection #digitaldiary #unboxing #mangaunboxing #demonslayer #demonslayermanga #kimetsunoyaiba #mangahaul #haul #mangacollector #fyp #foryou 
7374594393606475014,tecnoart.ofc,"tecnoart, aliexpress, remessaconforme",ACABOU? TAXA DE 50 DÃ“LARES FOI APROVADA PARA ITENS DO ALIEXPRESS! COMO VAI SER AGORA? #tecnoart #aliexpress #remessaconforme 
7372242099560795435,maisyleighs,amazonlunapartner,"Cozy Gaming with Amazon Luna, so convenient & fun with so many games to choose from! @Amazon Luna ğŸ® #amazonlunapartner"
7374884969468022022,guunnerz,seaofthieves,ser afundando pela 8Â° vez e continuar tentando Ã© complicado KKKKKKKK #seaofthieves 
7373691552381603077,clipsdelivesaleatoria,,ZORO SOLA ğŸ”¥ Zoro vs King Primeira vez vendo One Piece. EP 1062 - PART 3 REACT VENDO ANIME EM LIVE NA TWITCH @mahmoojen #fy #foryou #for #onepiece #onedirection #zoro #vs #king #fight #luta #anime #otaku
7371547973613849889,namikazetech,"wallpaper, wallpaperengine, setup, fyp, techtok, namikazetech",10/10 wallpapers on wallpaper engine ğŸ«¡ #wallpaper #wallpaperengine #setup #fyp #techtok #namikazetech 
7347544337120644398,trafalgarnation,"trafalgarlaw, trafalgardwaterlaw, trafalgarlawedit, law, lawonepiece, trafalgardwaterlawedit, trafalgarnation, lawismybf, fypã‚·, fyp, onepiece, onepieceedit, anime, animeman, animeedit",such a pretty boy #trafalgarlaw #trafalgardwaterlaw #trafalgarlawedit #law #lawonepiece #trafalgardwaterlawedit #trafalgarnation #lawismybf #fypã‚· #fyp #onepiece #onepieceedit #anime #animeman #animeedit 
7373366555285015854,satoxxof,"oshinoko, aqua, akane, ruby, fyp, anime, animeedit, animetiktok, amv, amv_anime, morkzsq, foryou, viral, crecerentiktok, creadorestiktok, edit, dreamsqd, onisqd, sato_squad",Oshi no ko Temporada 2 #oshinoko #aqua #akane #ruby #fyp #Anime #animeedit #animetiktok #amv #amv_anime #morkzsq #foryou #Viral #crecerentiktok #creadorestiktok #Edit #dreamsqd #onisqd #sato_squad 
7375724268652399878,amanda.mafi,"cosplay, cosplayer, cosplayers, anime, jujutsukaisen, jujutsukaisenedit, gojousatoru, gojo, satorugojo, satorugojocosplay, satorugojosupremacy",Segue la no insta pra atualizaÃ§Ãµes ğŸ¤­ğŸ’™ #cosplay #cosplayer #cosplayers #anime #jujutsukaisen #jujutsukaisenedit #gojousatoru #gojo #satorugojo #satorugojocosplay #satorugojosupremacy 
7353750692621815072,senzuuuuuuuuuu,"hxh, hxhedit, hunterxhunter, royal117sqd, dreamsqd, neptunesqd, kakamisq, xyzbca",PART 3 | What anime or ideas for the next one? if there isn't one... #hxh #hxhedit #hunterxhunter #royal117sqd #dreamsqd #neptunesqd #kakamisq #xyzbca
7349606351108312326,midnightrollrpg,"eusou, rpg, rpgtiktok, dnd, ttrpg, dungeonsanddragons, midnightroll, rpgbrasil, fyp, dm",Cada um tem seu jeitinho ğŸ¥° #eusou #rpg #rpgtiktok #dnd #ttrpg #dungeonsanddragons #midnightroll #rpgbrasil #fyp #dm 
7365561164425678086,eu_rayane.0,"you, wannabeyours, musicaingles",#you #wannabeyours ##musicaingles 
7371185446690360581,otiagovalente,"kindle, booktok, booktokbrasil",sabiam? ğŸ‘€ #kindle #booktok #booktokbrasil  
7374620452372745478,alx_edits10,"gumballwatterson, gumballedit, darwinwatterson, darwinedit, gumball, darwin, gumballanddarwin, gumballydarwin, fyp, fyppppppppppppppppppppppp, phok",#gumballwatterson #gumballedit #darwinwatterson #darwinedit #gumball #darwin #gumballanddarwin #gumballydarwin #fyp #fyppppppppppppppppppppppp  #phok 
7375981755678969130,nightxparade,"wallpaper, wallpaperengine, setup, techtok, gamingsetup",12 Wallpapers you need | More in my profile ğŸ”— Exclusive Wallpapers  @NIGHTPARADE  Rainmeter Day/Date Tutorial  @NIGHTPARADE  #wallpaper #wallpaperengine #setup #techtok #gamingsetup 
7354029334455209222,womancoder,"programacao, tecnologia, foryou, programming",ğŸ‘©ğŸ¼â€ğŸ’»ğŸ«€ #programacao #tecnologia #foryou #programming 
7374748431828471072,lufeia_o,onepiece,The symmetrical romance of One Piece#onepiece
7374906763499375878,viniviews_,"capcut, dicadepc, pcgamer, setupgamer, setup, jogosdepc, jogos, fy, gamer",Dica de Pc pra vocÃª monitorar seu desempenho em jogosâœï¸ . . #CapCut #dicadepc #pcgamer #setupgamer #setup #jogosdepc #jogos #fy #gamer 
7362301828580527392,softani,"softani, gojo, gojosatoru, gojousatoru, gojoedit, geto, jjk, jujutsukaisen, jujutsukaisenedit, fyp",Gojo bi icon. ğŸ«¦ THIS SONG IS EVERYTHING THANKS FOR 44.5k ily ğŸ«¶ğŸ½ #softani #gojo #gojosatoru #gojousatoru #gojoedit #geto #jjk #jujutsukaisen #jujutsukaisenedit #fyp 
7360575305771126022,leohirokun,"leohirokun, shamisen, sayokomada, nipponğŸ‡¯ğŸ‡µ",#leohirokun #shamisen #sayokomada #nipponğŸ‡¯ğŸ‡µ 
7345588222988160261,bruhn031,,Agora a RTX4060 Ã© boa? uÃ©?
7354451032321330478,juniperdev,"terraria, gamedev, gaming, gamedevelopment, indiegames, hollowknight, minecraft, terrariamemes",The entire story of Terraria's development! ğŸŒ³ğŸŒ± #terraria #gamedev #gaming #gamedevelopment #indiegames #hollowknight #minecraft #terrariamemes 
7361064444039925038,honeyoranges,"cozydesksetup, desksetup, desk, cozysetup, roomaesthetic, roomtour, plants, studioghibli, totoro, cozyroom, aesthetic, cozyroomaesthetic, cozyaesthetic, maximalist, whitedesksetup, cozygamer, gamersetup, gamingsetup, fyp, roomdecor, sanrio, sonnyangel, smiski, miffy",my safe space .ï½¡*ï¾Ÿâ˜†.*. #cozydesksetup #desksetup #desk #cozysetup #roomaesthetic #roomtour #plants #studioghibli #totoro #cozyroom #aesthetic #cozyroomaesthetic #cozyaesthetic #maximalist #whitedesksetup #cozygamer #gamersetup #gamingsetup #fyp #roomdecor #sanrio #sonnyangel #smiski #miffy 
7375992323672444166,tokito12701,"viral, parati, fypã‚·, demonslayer, viralvideo, tokitomuichiro",Tokito el mejorğŸ˜»ğŸ«¦ğŸ«¦#viral #parati #fypã‚· #demonslayer#viralvideo # #tokitomuichiro #parati 
7347922128018345222,user71924236379,onepiece,when you know you know #onepiece 
7361000714430057744,ddanhh96,"geekshare, ps5, kawaii, fyp, fypã‚·ã‚šviral, desktour, desksetup, pinksetup, pink, kawaiisetup, setup, setupgaming, pinkpcsetup, pinkpcgaming, pinkpc, xh, xuhuong",Decorate my ps5 with me ğŸŒ¸ğŸŒ¸ğŸŒ¸@GeekShare Haul #geekshare #ps5  #kawaii #fyp #fypã‚·ã‚šviral #desktour #desksetup #pinksetup #pink #kawaiisetup #setup #setupgaming #pinkpcsetup #pinkpcgaming #pinkpc #xh #xuhuong 
7365349618776837381,tenko38,"onepiece, zoro, zorovskaku, anime, animeedit, momentosepicosdelanime, momentosbadassdelanime, momentosepicos, fyp, tiktok, fypã‚·, viral, paratiii, capcut",Momentos Ã©picos de zoroğŸ”¥â˜ ï¸ğŸ”¥#onepiece #zoro #zorovskaku #Anime #animeedit #momentosepicosdelanime #momentosbadassdelanime #momentosepicos #fyp #tiktok #fypã‚· #fypã‚· #Viral #paratiii #CapCut 
7344091728237907206,ellen.v13_,"fypã‚·, jjk, jujutsukaisen, suguru, satoru, gojo",KKKKKKKKKKKKKKK #fypã‚· #jjk #jujutsukaisen #suguru #satoru #gojo 
7375154471732661510,cozygamingbookshelf,"pc, pcbuild, pcgamerbrasil, pcgamer, girlysetup, fy, techtok, tech, techgirl",Aquele frio na barriga na hora de ligar o pc e ver se estÃ¡ funcionando ğŸ¥¹ğŸ¤ #pc #pcbuild #pcgamerbrasil #pcgamer #girlysetup #fy #techtok #tech #techgirl 
7371592624479718661,marcotuliodavi,,JÃ¡ teve professor assim? ğŸ˜‚
7372551595277552901,mitsubukai,"dublagem, onepiecedublado, dubladores, onepiecebr, onepiece",Sabia que existe uma cena do Gear 5 dublada oficialmente??? #dublagem #onepiecedublado #dubladores #onepiecebr #onepiece 
7375721591038119173,amanda.mafi,"satorugojo, gojo, gojousatoru, cosplay, cosplayer, coser, jujutsukaisen, jujutsukaisencosplay, gojosatorucosplay, otaku, anime, otakus, otakugirl",Fem Satoru gojo ğŸ› #satorugojo #gojo #gojousatoru #cosplay #cosplayer #coser #jujutsukaisen #jujutsukaisencosplay #gojosatorucosplay #otaku #anime #otakus #otakugirl 
7352097332256607531,generizz1,"fyp, lightpainting, ledlightpainting, painting, decoration, giftideas, nightlight, jujutsukaisen, gojousatoru, getosuguru",Satoru Gojou and Suguru Geto the best Characters in JJKğŸ˜®â€ğŸ’¨ #fyp #lightpainting #ledlightpainting #painting #decoration #giftideas #nightlight #jujutsukaisen #gojousatoru #getosuguru 
7372557271387213099,annaetsy,"soulny, soulnyart, procreate, drawingtutorial, ipadtutorial, oneminuteart, catdrawing, ipaddrawing, procreatetutorial, howtodraw, digitalartist",Brush: Soft 3 from Add-on Whimsical Brush set + Pencil Brush from Children Book Illustration (link in bio - Etsy Shop â€œsoulnyâ€) â¤ï¸ #soulny #soulnyart #procreate #drawingtutorial #ipadtutorial #oneminuteart #catdrawing #ipaddrawing #procreatetutorial #howtodraw #digitalartist 
7372942576137063686,isabvsz,"pov, trend, nostalgia, hisalanagomes, tentenÃ£orir, humor, hisalana",#pov #trend #nostalgia #hisalanagomes #tentenÃ£orir #humor #hisalana 
7373707435187522822,deeplay.fx,"ã‚¢ãƒ‹ãƒ¡, gojo, yuta, sukuna, edit, jujutsukaisen, å‘ªè¡“å»»æˆ¦æ‡ç‰ãƒ»ç‰æŠ˜, anime, animetiktok, Ğ¼Ğ°Ğ³Ğ¸Ñ‡ĞµÑĞºĞ°ÑĞ±Ğ¸Ñ‚Ğ²Ğ°, Ğ³Ğ¾Ğ´Ğ¶Ğ¾, tomoe_squad, sakurasqd, neirosqd, weg_sqd, chizu_sqd",round 2ğŸ”¥ #ã‚¢ãƒ‹ãƒ¡ #gojo #yuta #sukuna #edit #jujutsukaisen #å‘ªè¡“å»»æˆ¦æ‡ç‰ãƒ»ç‰æŠ˜  #anime #animetiktok #Ğ¼Ğ°Ğ³Ğ¸Ñ‡ĞµÑĞºĞ°ÑĞ±Ğ¸Ñ‚Ğ²Ğ° #Ğ³Ğ¾Ğ´Ğ¶Ğ¾ #tomoe_squad #sakurasqd #neirosqd #weg_sqd #chizu_sqd
7362873439897636102,valmenezesss,"valorant, gamergirl, valorantbrasil, valorantskins","saiu o trailer do novo pacote de skins ğŸª· floretÃ©rea ğŸª· temos phantom, operator, judge, sheriff e melee nas cores rosa, laranja, azul e roxo! âœ¨ vocÃª vai comprar? #valorant #gamergirl #valorantbrasil #valorantskins "
7367465683690573061,nelyrall,"kaijuno8, anime, animeedit",#kaijuno8 #anime #animeedit 
7372277786465013024,dylanleetje,"tech, pc, free, retro, quadro, pcbuilds, xeon, hardware, oldtech, hp, techtoker",Aint no way im selling this legendary piece of tech ğŸ—¿ #tech #pc #free #retro #quadro #pcbuilds #xeon #hardware #oldtech #hp #techtoker 
7372939840049941766,betocarreroworld,,Ã‰ nessa hora que a gente chama a mÃ£e? ğŸ«£ğŸ¤­ ğŸš¨ Esse vÃ­deo foi produzido com equipamento profissional GoPro e supervisÃ£o do BCW. O uso de cÃ¢meras e acessÃ³rios nÃ£o sÃ£o permitidos em nossas atraÃ§Ãµes. ğŸ“·
7375616679713262854,ny2seokcollect,"killingstalking, manhwa, onepiece, killingstalkingcosplay, mangacollection, mangarecommendation, fyp",to apaixonada ğŸ˜­ğŸ’ #killingstalking #manhwa #onepiece #killingstalkingcosplay #mangacollection #mangarecommendation #fyp 
7365310060328717586,ymh_films_,"howlsmovingcastle, ghiblimovie, ghiblistudios, ãƒã‚¦ãƒ«ã®å‹•ãåŸ",Howlâ€™s castling in real- life #howlsmovingcastle  #ghiblimovie  #ghiblistudios  #ãƒã‚¦ãƒ«ã®å‹•ãåŸ 
7346616413244640517,sturdio0,"toji, blackoutfit, tojifushiguro, tojiedit, blackfit, tojiedits",ğŸ’€ğŸ’€â€¦. #toji #blackoutfit #tojifushiguro #tojiedit #blackfit #tojiedits 
7371882021519461674,momodokiii,"desksetup, gamingsetup, pcsetup, pcbuild, pc","ğŸ¸  Case is Y70 touch by @Hyte , my pc part picker is listed in my bio ğŸ©· hope youre having a nice day today âœ¨ #desksetup #gamingsetup #pcsetup #pcbuild #pc "
7360202199575645445,blood.hrt,"ace, portgasdace, onepiece, fy, edit, chaccounity",my man #ace #portgasdace #onepiece #fy #edit #chaccounity 
7375278375008603397,rafaelrodri45,,
7366700950402108705,tiagrlxcode,"webdev, webdeveloper, softwaredeveloper, devlife, coding, tech, desksetup, motivation, studymotivation, studysession, goodnight, studyvlog, code, study, fyp, nightstudy",coding at nightğŸ’¤ğŸŒ™ğŸ’» â€¢ â€¢ â€¢ #webdev#webdeveloper#softwaredeveloper#devlife#coding##devlife#tech#desksetup#motivation#studymotivation#studysession#goodnight#studyvlog#code#study#fyp#nightstudy
7372918327536045358,software_game,piratesoftware,Localize Games! #piratesoftware
7370380961017564421,kimchiishka,,Ada Wong insp makeup ğŸ’”
7361760745303952645,hizoka_zenin,"gojousatoru, kaijuno8, megumifushiguro, ryomensukuna, jujutsukaisen, yujiitadori",#gojousatoru#kaijuno8#megumifushiguro#ryomensukuna#jujutsukaisen#yujiitadori 
7373829058183826694,nallbit,humor,"boa noite pra todo mundo, menos... PARE DE LER IMEDIATAMENTE âœ‹ï¸âœ‹ï¸TA FEIO JÃ ğŸ˜¡ğŸ˜¡ #humor "
7375924770229079302,pareeleia,"mangacollection, mangarecommendation, mangatok, coleÃ§Ã£odemangÃ¡s",A responder a @_deepnesss_ #mangacollection #mangarecommendation #mangatok #coleÃ§Ã£odemangÃ¡s 
7368694564573498629,satori369oficial,"mejoratuespacio, soportelaptop, laptopsetup, laptopstand, escritorioorganizado, ergonomia, escritorio, reposapies",Transforma tu espacio de trabajo en segundos ğŸš€âœ¨ Descubre cÃ³mo Satori369 eleva tu setup de laptop. Â¡No mÃ¡s desorden ni incomodidades! ğŸ‘©â€ğŸ’»ğŸŒŸ #mejoratuespacio #soportelaptop #laptopsetup #laptopstand #escritorioorganizado #ergonomia #escritorio #reposapies
7358117060213230853,ofcgeekstation,"jujutsukaisen, hakari",ExpansÃ£o de DomÃ­nio de Hakari... #jujutsukaisen #hakari
7345280546525711621,lorenemaf,"valorant, valorantgaming, valorantclip, valorantmemes",Marque seu duo que vocÃª carrega atÃ©hoje @Robert te dedico ğŸ«¶ğŸ»ğŸ™ŒğŸ¼ â€¢ â€¢ â€¢ â€¢  #valorant #valorantgaming #valorantclip #valorantclip #valorantmemes 
7350350393039179054,8akumaa,"jujutsukaisen, jjk, fananimation, mmv, gojo, sukuna, gojovssukuna, fight, mangaanimation, anime, manga, fyp, foryourpage, viralvideo, zyxcba, viral",These mmvâ€™s are too coolğŸ˜­ğŸ™ credit to @vfxkaneki #jujutsukaisen #jjk #fananimation #mmv #gojo #sukuna #gojovssukuna #fight #mangaanimation #anime #manga #fyp #foryourpage #viralvideo #zyxcba #viral 
7351871472916368645,claramrqs__,"setup, kuromi, desksetup, pcgamer, pc, gamergirl, gaming, setupgaming",boom! ğŸ’œğŸ‘¾ğŸ–¥ï¸â˜ï¸ #setup #kuromi #desksetup #pcgamer #pc #gamergirl #gaming #setupgaming 
7365303616011357473,thisisjpop,"opening, songs, animeopening, throwbacksongs",It can't get any better ğŸ˜ The most iconic anime opening of every year! #opening #songs #animeopening #throwbacksongs 
7344095710016441606,borges.pv,"valorant, acernitro5, notebookgamer, nitro5, viral",SerÃ¡ que esquenta? ğŸ¤£ #valorant #acernitro5 #notebookgamer #nitro5 #viral 
7375009547397778693,zzzmojon,"kuma, onepiece, art, fyp, fypp, anime",Dolera #kuma #onepiece #art #fyp #fypp #anime 
7375991869387377925,kouislvt,"ergoproxy, ergoproxyedit, anime, animeedit, ergoproxyanime, koui",omg evanescence anime #ergoproxy#ergoproxyedit #anime #animeedit #ergoproxyanime  #koui
7375903428792356102,vigomes_,"estilhacame, book, booktok",LETICIAAAAA PQ NÃƒO ME AVISOU #estilhacame #book #booktok 
7372788077040799018,iandgrass,"grassland, fyp, nature",one. #grassland #fyp #nature 
7373448836569648426,strawb.ackerman,"sukunella, jjk, fyp, ship",HELP ME LMFAOOOO #sukunella #jjk #fyp #ship 
7352109377458851077,joupyisback,"acernitro5, rtx3050, notebookgamer, intel, gamer, setup, acer, csgo, fortnite",Respondendo a @. Acer Nitro 5 = Fortnite e Cs2 #acernitro5 #rtx3050 #notebookgamer #intel #gamer #setup #acer #csgo #fortnite 
7365115123620384005,meninapirata,"onepiece, anime, otaku, luffy, kaido, mugiwara",QUE EPISÃ“DIO MEUS AMIGOS ğŸ–¤ #onepiece #anime #otaku #luffy #kaido #mugiwara 
7358521482122710278,_kai_henri_,"jujutsukaisen, ediÃ§Ã£o, manga, anime, animeedit, itadori, nobarakugisaki, frypgã‚·, frypage, fyp","histÃ³rias nossas histÃ³rias, dias de luta dias de grloria #jujutsukaisen #ediÃ§Ã£o #manga  #anime #animeedit #itadori #nobarakugisaki #frypgã‚· #frypage #fyp "
7353742150758092038,tjgamingbr_,"dicasdepcgamer, pcgaming, dicas, pc, dicaspc",A MAE DELE ESTAVA CERTA! #dicasdepcgamer #pcgaming #dicas #pc #dicaspc 
7345516348698610986,petrichorgrove,"gaming, cozygames, cozygamer, swordandfairy, ps5gamer, gamergirl","In my heart, gaming > work I took a few days off work to relax and unwind from these past few hectic months.  #gaming #cozygames #cozygamer #swordandfairy #ps5gamer #gamergirl "
7374769804537826566,famosos5776,"lula, felipeneto, taxacaoshein",Felipe Neto se pronÃºncia apÃ³s taxaÃ§Ã£o do governo Lula sobre a nova taxaÃ§Ã£o de comprinhas da SHEIN. #lula #felipeneto #taxacaoshein 
7345184461287476486,souzaa.dev,"dev, faculdade, ti, programacao, estagio, desenvolvedor, tecnologia, salario, medicina, homeoffice, software, engenharia",motivos pra virar desenvolvedor de software #dev #faculdade #ti #programacao #estagio #desenvolvedor #tecnologia #salario #medicina #homeoffice #software #engenharia 
7374012526297713925,liynex_41,"onepiece, zoro, luffy, anime, animeedit, tokamisquad, ninpo_squad, inarisq",#onepiece #zoro #luffy #anime #animeedit #tokamisquad #ninpo_squad #inarisq 
7354541548782112006,nellilulu,"pinksetup, transformation, upgrade, setup, mouse","Oi pessoal, hoje trouxe um dos itens que mais estava ansiosa pra chegar, espero que gostem e em breve trago mais atualizaÃ§Ãµes, caso queiram ver o inÃ­cio do setup estÃ¡ na conta @Lulu, AtÃ© logoğŸ’–#pinksetup #transformation #upgrade #setup #mouse "
7349225701158948114,mrystalr,"gojo, gojousatoru, jjk, fyp, jujutsukaisen, casetify, foryoupage",the most expensive airpods case ğŸ˜­ castify x jjk gokumonkyu case hehe #gojo #gojousatoru #jjk #fyp #jujutsukaisen #casetify #foryoupage 
7351550925284084998,flip__s,"potatoleague, rlfunnyhighlights, rlclips, rocketleaguebrasil, rocketleaguebr, rocketleaguevideos",#potatoleague #rlfunnyhighlights #rlclips #rocketleaguebrasil #rocketleaguebr #rocketleaguevideos 
7375752855468150022,iiwakura,"kikisdeliveryservice, studioghibli, ghibli, ghibliedit, anime, animeedit, edit, fy, fyp",i love jijiğŸ˜­ğŸ’ #kikisdeliveryservice #studioghibli #ghibli #ghibliedit #anime #animeedit #edit #fy #fyp 
7374165466320899334,jptechgames_,"placadevideo, pcgaming, rtx4090, rtx, pcgamer, rtx3080, pcgamer2024, pcbarato, pcgames, placadevideobarata, pcgamerdicas",RTX 5090 Ã© para muitos o maior lanÃ§amento da histÃ³ria da Nvidia ! Algumas especificaÃ§Ãµes sobre essa nova placa de video foram liberadas e nesse video vamos ver todas as novidades sobre a RTX 5090. #placadevideo #pcgaming #rtx4090 #rtx #pcgamer #pcgaming #rtx3080 #pcgamer #pcgamer2024 #pcbarato #pcgames #placadevideo #placadevideobarata #pcgamerdicas 
7374893234260020485,nerd.solitario,"onepiece, onepieceedit, luffy, zoro, ace, shanks, sanji, otaku","edit:@cora_san20 MÃšSICAS QUE NÃƒO SÃƒO DE ANIME, MAS PODERIAM SER - parte 3 #onepiece #onepieceedit #luffy #zoro #ace #shanks #sanji #otaku"
7370097637615209774,chronus.tech,"fyp, wallpaper, pc, gamingsetup, setup, viral, wallpaperengine",Wallpaper of the day on Wallpaper Engine #fyp #wallpaper #pc #gamingsetup #setup #viral #wallpaperengine 
7373066920804846853,oisenhorasss,"foodchallenge, desafio, comida, rockpaperscissors, fy, trend","Gente a SISI Ã‰ UMA Ã“TIMA AMIGA !!! Foi apenas uma brincadeira isso nÃ£o diz sobre nossa amizade,estÃ¡vamos apenas brincando e se divertindo, sisi jÃ¡ me salvou dos meus piores dias e um jogo nÃ£o diz nada sobre a gente e sobre oq somos uma pra outra â¤ï¸  #foodchallenge #desafio #comida #rockpaperscissors #fy #trend "
7374566571798236422,manuzocaa,"psicologia, conselho, amizade, amizadeverdadeira, saudades","amizades boas, que trazem conforto, carinho e acalento, mesmo de longe, mesmo em fases diferentes ğŸ’› #psicologia #conselho #amizade #amizadeverdadeira #saudades "
7344105394077257003,short_teddybear,superseniorgojo,Can't Believe Gojo goes to Our School!! Camera Man was the one & only @Alien  #superseniorgojo 
7359901301049675013,hello.switchers,"nintendoswitch, nintendoswitchgames, nintendobrasil, humorgamer, pov, cozygames, cozyvibes, cozygaming, cozygamingcommunity, cozygamergirl",PreguiÃ§a de gente assim! Me deixa com meus cozy games indies :) ğŸ® | #nintendoswitch #nintendoswitchgames #nintendobrasil #humorgamer #pov #cozygames #cozyvibes #cozygaming #nintendoswitchgames #cozygamingcommunity #cozygamergirl 
7363716413808282886,ubygabi,"pcgamer, microfone, unboxing, unboxingvideo, setup, setupgamer, gamer, rgb, setuptour, cutesetup, gamingpc, whitesetup, maono, maonomicrophone, maonomicrophonedgm20s, maonomic",Unboxing do meu novo microfone da Maono DGM20s.  @Maono  #pcgamer #microfone #unboxing #unboxingvideo #setup  #setupgamer #gamer #rgb #setuptour #cutesetup #gamingpc #whitesetup #maono #maonomicrophone #maonomicrophonedgm20s #maonomic 
7356990242383072554,abitoads,"frog, animation, procreate, ghibli, art, kawaii","the weather was begging for a picnic, so our froggy friend answered ğŸ¸ğŸª . . . . . . . #frog #animation #procreate #ghibli #art #kawaii"
7354309586624531744,noki3310hype,"mahito, editonnokia, animeedit, jjk",Am I a valid techtoker or am I a fraud? editor: @AEMY  #mahito #editonnokia #animeedit #jjk 
7352889583299857670,jornadatop,"computador, pc, pcgamer, tecnologia, windows, microsoft, dicasetruques, truques, dicas, dicasdecomputador, informatica, jornadapro, jornadatop",#computador #pc #pcgamer #tecnologia #windows #microsoft #dicasetruques #truques #dicas #dicasetruques #dicasdecomputador #informatica #jornadapro #jornadatop 
7348229835820420357,rafatorresb,"pcgamer, enganada, computador, historia, historiasdetiktok, fuienganada",moral da histÃ³ria: Dois computadores ğŸ¤¡ E um programador apenas ğŸ¤£â™¥ï¸ #pcgamer #enganada #computador #historia #historiasdetiktok #fuienganada 
7354837977035443461,fillxystiktok,"jujutsukaisen, gojo, gojousatoru, animeedit, jujutsukaisenedit, investing",Real #jujutsukaisen #gojo #gojousatoru #animeedit #jujutsukaisenedit #investing
7370479557780049157,natyylt,"setupgaming, setupinspiration, pcgamer, pcgaming, pcsetup, techtokbrazil, fyp, foryou",melhor maneira de passar o final de semana ğŸ«¶ğŸ¼ #setupgaming #setupinspiration #pcgamer #pcgaming #pcsetup #techtokbrazil #fyp #foryou 
7369822925798526254,wutheringwaves_official,wutheringwaves,"Post-Lament Anthropocene: Stars Intertwined ""There's still much to be done. Please rest assured, I am here to guide you through it.""â€”Jinhsi #WutheringWaves"
7345860474052939014,ojuliocode,,Fala programador! Momentos de humor na programaÃ§Ã£o como esse as vezes acontecem com os devs ğŸ˜‚ğŸ˜‚ğŸ˜‚ Pode ser engraÃ§ado mexer com programaÃ§Ã£o e tentar entender logica de programaÃ§Ã£o por exemplo Mas nÃ£o desista! ProgramaÃ§Ã£o pode ser muito bacana pra voce que quer aprender um pouco mais sobre desenvolvimento frontend ProgramaÃ§Ã£o fullstack Ã© por aqui! 
7373988908809440530,orzgk_nsfw,"å‘ªè¡“å»»æˆ¦, jjk, tojifushiguro, anime, figure, orzgk",Toji FushiguroğŸ”¥ğŸ”¥ğŸ”¥ #å‘ªè¡“å»»æˆ¦ #JJK #tojifushiguro #anime #figure #orzgk
7363127458641628449,frgeditss,"jujutsukaisen, jujutsukaisenedit, gojo, gojousatoru, satorugojo, geto, getosuguru, sugurugeto, anime, animeedit, animetiktok, fyp, viral, frgeditss, editedbyfrog",wish we got more of their backstory  #jujutsukaisen #jujutsukaisenedit #gojo #gojousatoru #satorugojo #geto #getosuguru #sugurugeto #anime #animeedit #animetiktok #fyp #viral #frgeditss #editedbyfrog 
7370361430450670891,nightxparade,"wallpaper, wallpaperengine, setup, techtok, gamingsetup, makima, tojifushiguro",12 Wallpapers you need | More in my profile ğŸ”— Exclusive Wallpapers  @NIGHTPARADE  Rainmeter Day/Date Tutorial  @NIGHTPARADE  #wallpaper #wallpaperengine #setup #techtok #gamingsetup #makima #tojifushiguro 
7353569773525028102,khass0010,,
7374482750083992838,oficialperspicaz,"setupgamer, pcgamer",TÃ” DE VOLTA!!!! #setupgamer #pcgamer
7375728747040771334,tsubasa_taty,"kanji, aprendajapones, aprendendojapones",Uma linha pode fazer toda a diferenÃ§a! EstÃ£o gostando de conhecer mais sobre kanji??  ğŸ’“ğŸ’“ğŸ’“ #kanji #aprendajapones #aprendendojapones 
7375988830165339398,alice.dses,"mangÃ¡, mangarecommendation, mangacollector, mangatiktok, kaguyasamaloveiswar, fy, fyp, leitura, booktok, leitores, mangatok, leiturasdomes",Leituras do mÃªs de maio ğŸ˜ #mangÃ¡ #mangarecommendation #mangacollector #mangatiktok #kaguyasamaloveiswar #fy #fyp #leitura #booktok #leitores #mangatok #leiturasdomes 
7370741374372596998,operfildatais,,"Meme gente, eu consegui depois ğŸ¤£ğŸ¤£"
7372080181038648608,oblivionbind,"jjk261, gojo",guys our glorious king might be gone for good #jjk261 #gojo 
7366134439576997125,zedo_vlr,"valorant, valorantclips, funnymoments, zedoyoru",bro just defuse ğŸ’€ (Enemy Pov) #valorant #valorantclips #funnymoments #zedoyoru
7352559265933954320,mapoutofu,"deathnote, psp, moddedpsp, console, anime",videos on psp >>>> #deathnote #psp #moddedpsp #console #anime 
7347417059958983941,veludovermelhoo,,e se reclamar gasto mais ğŸ˜˜ğŸ˜˜ğŸ˜˜ğŸ˜˜ beijos 
7365202622241836294,ny2seokcollect,"jjk, hxh, demonslayer, mangarecommendation, mangacollection, fypã‚·, anime",Primeira parte :) ğŸ’ #jjk #hxh #demonslayer #mangarecommendation #mangacollection #fypã‚· #anime 
7375157217844120837,juniro967,,
7361526378220604705,8shaz8,"typingclub, typingtest, typingasmr, keyboardasmr",Replying to @ChainsFR here u go ğŸ¤  #typingclub #typingtest #typingasmr #keyboardasmr 
7347826560789089541,henridosreis2,"loudvalorant, vava, foryou, fy, valora, valorant, gamer",A melhor faca sim ou sim #loudvalorant #vava #foryou #fy #valora #valorant #gamer 
7361702541563825440,cozydanny0,"setup, gamingsetup, whitesetup, desksetup, pcsetup, fyp",Setup off or Setup on? ğŸ¥ºğŸ¤ğŸ–¤ #setup #gamingsetup #whitesetup #desksetup #pcsetup #fyp 
7365174166351367430,bielgcx,"thomasshelby, skeleton, foto, photo, perfil, avaliando, avaliacao, capcut, fypã‚·, foryou, template, templatescapcut, capcuttemplate, skelly, gay, sigma, beta, alpha, alfa, thomas, shelby, 32, iloveyou, amovoce, fallowers, seguidores, memes, tiktok, tik, tok",Avaliando foto de perfil pt 32 #thomasshelby #skeleton #foto #photo #perfil #avaliando #avaliacao #capcut #fypã‚· #foryou #template #templatescapcut #capcuttemplate #templatescapcut #skelly #gay #sigma #beta #alpha #alfa #Capcut #thomas #shelby #32 #iloveyou #amovoce #fallowers #seguidores #memes #tiktok #tik #tok 
7359648304243707168,huwprosser,"technology, ai, ml, hottake","It is possible that we are about to run out of energy to train the next AI systems perhaps not this year perhaps not next year but possibly the year after if things start scaling the way we expect them to it could be that silicon isnâ€™t the thing thatâ€™s fought over, itâ€™s sunlight. ##technology##ai##ml##hottake"
7375988835785772293,sunrvisy,"likeus, addictedseries, callowaysisters, cobaltempire, bencobalt, charliecobalt, beckettcobalt, eliotcobalt, tomcobalt, xanderhale, vadaabbey, eastonmulligan, winonameadows, jessehighland, booktok, bookaesthetic, bookish",i know its not longer â€œlike usâ€ but you knowâ€¦ and im not sure about eliot and tom but PLSS let it be them #likeus #likeus #addictedseries #callowaysisters #cobaltempire #bencobalt #charliecobalt #beckettcobalt #eliotcobalt #tomcobalt #xanderhale #vadaabbey #eastonmulligan #winonameadows #jessehighland #booktok #bookaesthetic #bookish 
7374540491259399456,hasanskiii,"toji, jjk, fyp, edit, tojiedit, fushiguro, jujutsukaisen, jujutsukaisenedit",the one who left it all behind | dt: @NÃ˜VA âˆ @anri  Ö´Ö¶Ö¸ @instinKt.aep #toji #jjk #fyp #edit #tojiedit #fushiguro #jujutsukaisen #jujutsukaisenedit 
7366261716327386373,ezhardwarebr,"setup, meme, pc, pcgamer, setupgamer","analisando o #setup do @darlissono2_ #meme #pc #pcgamer #setupgamer COMENTA ""ME ANALISA"" e mande seu setup lÃ¡ no meu grupo, link na bio!"
7345106645028031787,vicocasden,"outfitideas, outfitinspo, styleinspo, howtostyle, anime, onepiece",Whos you favorite character? #outfitideas #outfitinspo #styleinspo #howtostyle #anime #onepiece 
7350298394906135813,psicohane,"faculdade, studytok, notebook, unboxing, galaxybook2",âœ§Ëš ğŸ’» MEU NOVO NOTEBOOK DE ESTUDOS à­¨à­§ cupons de desconto! à­¨à­§ ğŸ“– Imaginie RedaÃ§Ã£o | @imaginieedu | cupom de 20% off em qualquer plano: psicohane ğŸ§¬ Bioatp | @cursobioatp | cupom: psicohane (10% de desconto)  #faculdade #studytok #notebook #unboxing #galaxybook2 
7354893845798161670,onautamc,"humor, trap",aceitaria uma carona do nauta? ğŸ˜§ #humor #trap 
7361131569978821920,cozyaddy_,"cozygamingsetup, gamingsetup, pcsetup, desksetup, gamingpc, setupinspiration, aesthetic, foryou, fyp",my safe space ğŸ§šğŸ»ğŸƒâœ¨ #cozygamingsetup #gamingsetup #pcsetup #desksetup #gamingpc #setupinspiration #aesthetic #foryou #fyp 
7375929854924983558,francistorres42,"wutheringwaves, wutheringwavesgameplay",#wutheringwaves #wutheringwavesgameplay 
7356661925289282821,yemma_05,"thewindrises, thewindrisesmovie, studioghibli, ghibli, jirohorikoshi, anime, fypã‚·",LEMME GO WATCH REAL QUICK #thewindrises #thewindrisesmovie #studioghibli #ghibli #jirohorikoshi #anime #fypã‚· 
7364256256795692330,itsnotrsk,"filters, nanami, jjk",#filters #nanami #jjk 
7350725803543432453,carenthecoder,"Ø¨Ø±Ù…Ø¬Ø©_ÙˆÙŠØ¨, ÙˆÙŠØ¨, Ù„ØºØ§Øª_Ø¨Ø±Ù…Ø¬Ø©, ØªÙ‚Ù†ÙŠØ©, Ø´Ø±Ø­, Ù…Ø¹Ù„ÙˆÙ…Ø§Øª_ØªÙ‚Ù†ÙŠÙ‡, programmer, booktok, asmrcoding, collegelife","ğŸš€ÙƒØ§Ù† Ù‡Ø°Ø§ Ù‡Ùˆ Ø§Ù„Ù…ÙƒØ§Ù† Ø§Ù„Ø°ÙŠ ÙˆØ¬Ø¯Øª Ù†ÙØ³ÙŠ ÙÙŠÙ‡ØŒ Ù…ØªØ­ØµÙ†Ù‹Ø§ ÙÙŠ Ø®Ø¶Ù… Ø¯Ø±Ø§Ø³Ø© Ø§Ù„Ù‡Ù†Ø¯Ø³Ø© Ù„Ù…Ø¯Ø© 4 Ø³Ù†ÙˆØ§ØªØŒ Ø£ÙÙƒØ± Ø¨Ø´ÙƒÙ„ Ù…Ø­Ù…ÙˆÙ…ØŒ ""ÙŠØ¬Ø¨ Ø£Ù† ÙŠÙƒÙˆÙ† Ù‡Ù†Ø§Ùƒ Ø·Ø±ÙŠÙ‚ Ø£Ø³Ø±Ø¹ ÙˆØ£ÙƒØ«Ø± ÙƒÙØ§Ø¡Ø© Ù„ØªØ­Ù‚ÙŠÙ‚ Ø§Ù„Ù†Ø¬Ø§Ø­!"" ğŸ’¡ Ø«Ù…ØŒ ÙƒÙ…Ø§ Ù„Ùˆ ÙƒØ§Ù† Ø§Ù„Ù‚Ø¯Ø± ÙŠÙ‚ÙˆØ¯Ù†ÙŠØŒ ØµØ§Ø¯ÙØª BLACKBOX AI. Ù„Ù‚Ø¯ Ù‚Ù„Ø¨ Ù‡Ø°Ø§ Ø§Ù„Ù…ÙˆÙ‚Ø¹ Ø§Ù„Ø«ÙˆØ±ÙŠ ÙˆØ§Ù„Ø±Ø§Ø¦Ø¯ Ø­ÙŠØ§ØªÙŠ Ø±Ø£Ø³Ù‹Ø§ Ø¹Ù„Ù‰ Ø¹Ù‚Ø¨ØŒ ÙˆØºÙŠØ±Ù‡Ø§ Ø¨Ø·Ø±Ù‚ Ù„Ø§ ÙŠÙ…ÙƒÙ† ØªØµÙˆØ±Ù‡Ø§! ğŸ–¥ï¸ ØªØµÙˆØ± Ù‡Ø°Ø§ Ù„Ù„Ø­Ø¸Ø©: Ù†Ø¸Ø§Ù… Ø°ÙƒØ§Ø¡ Ø§ØµØ·Ù†Ø§Ø¹ÙŠ Ù…ØªÙ‚Ø¯Ù… Ù„Ø¯ÙŠÙ‡ Ø§Ù„Ù‚Ø¯Ø±Ø© Ø¹Ù„Ù‰ Ø¥Ø¯Ø±Ø§Ùƒ Ø§Ù„ØµÙˆØ± ÙˆØ§Ø³ØªÙŠØ¹Ø§Ø¨Ù‡Ø§ØŒ Ù…Ø¹ Ø´Ø±Ø­ Ø§Ù„Ù…ÙØ§Ù‡ÙŠÙ… Ø§Ù„Ù…Ø¹Ù‚Ø¯Ø© ÙÙŠ Ù†ÙØ³ Ø§Ù„ÙˆÙ‚ØªØŒ Ù…Ø«Ù„ Ø§Ù„Ø¨Ø±Ù…Ø¬Ø© ÙˆØ§Ù„Ø±ÙŠØ§Ø¶ÙŠØ§Øª ÙˆØ­ØªÙ‰ Ø§Ù„ÙÙŠØ²ÙŠØ§Ø¡! ÙŠØ¨Ø¯Ùˆ Ø§Ù„Ø£Ù…Ø± ÙƒÙ…Ø§ Ù„Ùˆ Ø£Ù†Ùƒ Ù‚Ø¯ Ø§Ù†ØªÙ‚Ù„Øª ÙØ¬Ø£Ø© Ø¥Ù„Ù‰ Ø§Ù„Ù…Ø³ØªÙ‚Ø¨Ù„ Ù„Ø£Ù„Ù Ø¹Ø§Ù…ØŒ Ù„ØªØ®ØªØ¨Ø± Ø°Ø±ÙˆØ© Ø§Ù„ØªÙ‚Ø¯Ù… Ø§Ù„ØªÙƒÙ†ÙˆÙ„ÙˆØ¬ÙŠØŒ ÙˆØ£ÙØ¶Ù„ Ù…Ø§ ÙÙŠ Ø§Ù„Ø£Ù…Ø± Ù‡Ùˆ - Ø£Ù†Ù‡ Ù…ÙˆØ¬ÙˆØ¯ Ù‡Ù†Ø§ ÙÙŠ Ø§Ù„ÙˆÙ‚Øª Ø§Ù„Ø­Ø§Ø¶Ø±! ğŸŒŸ Ø¥Ù†Ù‡Ø§ Ù„ÙŠØ³Øª Ù…Ø¬Ø±Ø¯ Ø¶Ø® Ù„Ù„Ù…Ø¹Ø±ÙØ©ØŒ ÙˆÙ„ÙƒÙ†Ù‡Ø§ Ø«ÙˆØ±Ø© ØªØ­ÙˆÙŠÙ„ÙŠØ© ÙÙŠ Ø§Ù„Ø·Ø±ÙŠÙ‚Ø© Ø§Ù„ØªÙŠ Ù†ØªØ¹Ù„Ù… Ø¨Ù‡Ø§ ÙˆÙ†ÙÙ‡Ù… Ø§Ù„Ù…Ø¹Ù„ÙˆÙ…Ø§Øª. ğŸ“ Ù…Ù† ÙŠØ­ØªØ§Ø¬ Ø¥Ù„Ù‰ Ø£Ø³Ø§ØªØ°Ø© ØªÙ‚Ù„ÙŠØ¯ÙŠÙŠÙ† Ù…ØªØ®ØµØµÙŠÙ† Ø¹Ù†Ø¯Ù…Ø§ ØªÙƒÙˆÙ† Ø±ÙˆØ§Ø¦Ø¹ Ø§Ù„Ù…Ø³ØªÙ‚Ø¨Ù„ ØªØ­Øª ØªØµØ±ÙÙƒØŒ Ø¨Ù†Ù‚Ø±Ø© ÙˆØ§Ø­Ø¯Ø© ÙÙ‚Ø·ØŸ Ø¥Ù† Ø§Ù„Ø¹Ø§Ù„Ù… ÙƒÙ…Ø§ Ù†Ø¹Ø±ÙÙ‡ØŒ ÙŠØ§ Ø£ØµØ¯Ù‚Ø§Ø¦ÙŠØŒ ÙŠØªØ·ÙˆØ± Ø¨ÙˆØªÙŠØ±Ø© ØºÙŠØ± Ù…Ø³Ø¨ÙˆÙ‚Ø©ØŒ ÙˆÙ†Ø­Ù† Ø¹Ù„Ù‰ Ø±Ø£Ø³ Ø§Ù„Ø³ÙÙŠÙ†Ø©ØŒ ÙˆÙ†ÙˆØ¬Ù‡ Ù‡Ø°Ù‡ Ø§Ù„Ø³ÙÙŠÙ†Ø© Ù†Ø­Ùˆ Ù…Ù†Ø§Ø·Ù‚ Ù…Ø¬Ù‡ÙˆÙ„Ø©. Ù„Ø°Ø§ØŒ Ø¯Ø¹ÙˆÙ†Ø§ Ù†ØªÙ‚Ø¨Ù„ Ù‡Ø°Ø§ Ø§Ù„ØªØºÙŠÙŠØ± ÙˆÙ†Ø¨Ù‚Ù‰ ÙØ¶ÙˆÙ„ÙŠÙŠÙ† Ø¥Ù„Ù‰ Ù…Ø§ Ù„Ø§ Ù†Ù‡Ø§ÙŠØ©! ÙÙÙŠ Ù†Ù‡Ø§ÙŠØ© Ø§Ù„Ù…Ø·Ø§ÙØŒ ÙŠØ¬Ø¨ Ø£Ù† ÙŠÙƒÙˆÙ† Ø§Ù„ØªØ¹Ù„Ù… Ø±Ø­Ù„Ø© Ù…Ø«ÙŠØ±Ø©ØŒ ÙˆÙ„ÙŠØ³ ÙˆØ¬Ù‡Ø© #Ø¨Ø±Ù…Ø¬Ø©_ÙˆÙŠØ¨ #ÙˆÙŠØ¨ #Ù„ØºØ§Øª_Ø¨Ø±Ù…Ø¬Ø© #ØªÙ‚Ù†ÙŠØ© #Ø´Ø±Ø­ #Ù…Ø¹Ù„ÙˆÙ…Ø§Øª_ØªÙ‚Ù†ÙŠÙ‡ #programmer #booktok #asmrcoding #collegelife "
7350425104817425669,bruhn031,,o que Ã© gargalo em placa de vÃ­deo
7373727481230085422,strawberrychi,"scarydogprivilege, onepiece, eggheadisland, onepiececosplay, eggheadcosplay, namicosplay, luffycosplay, robincosplay, sanjicosplay",luffy goes off on his ownâ€¦ AGAIN ğŸ™„ #scarydogprivilege #onepiece #eggheadisland #onepiececosplay #eggheadcosplay #namicosplay #luffycosplay #robincosplay #sanjicosplay @Luffyxii @Ayumaae 
7375235604537150725,sushiesk,,
7368587718034459910,sekretuzer,"brainrot, edit, edits, homemdeferro, carteiradetrabalho, emprego",Isso Ã¨ pedir demais?? ğŸ˜­  #brainrot #edit #edits #homemdeferro #carteiradetrabalho #emprego 
7374723309331549473,flower.mt,"getosuguru, geto, jujutsukaisen, jjk, anime, pinterest, aesthetic, fyp",For my Geto girls #getosuguru #geto #jujutsukaisen #jjk #anime #pinterest #aesthetic #fyp 
7373456683823123717,youuurmannn,"coding, it, teknikinformatika, bucin, bucin_story, python",ni buat kamu hehe>//<  #coding #IT #teknikinformatika  #bucin #bucin_story #python 
7345865118527327494,toptech_oficial,"cadeira, cadeiras, cadeiragamer, cadeirasgamer, melhorcadeira, melhorcadeiragamer, cadeiragamertop, risemode, techtokor, techtokbrazil, techtokbrasill, techtokbrasrasil, techtokbrasilbrasil, tech",MELHOR cadeira GAMER barata!!! #cadeira #cadeiras #cadeiragamer #cadeirasgamer #melhorcadeira #melhorcadeiragamer #cadeiragamertop #risemode #techtokor #techtokbrazil #techtokbrasill #techtokbrasrasil #techtokbrasilbrasil #tech 
7346209081943788842,color_palette_studio,"colorpalettes, colorpalette, graphicdesign, graphicdesigner",How to fix a color palette ğŸ¨ #colorpalettes #colorpalette #graphicdesign #graphicdesigner 
7355898328237804832,yk_dua,"deathnote, deathnotel, lthemesong, real, fypã‚·, fy, foryoupage, japan, anime",(acutally im really dumb but yeahğŸ˜­) #deathnote #DeathnoteL #lthemesong #real #fypã‚· #fy #foryoupage #japan #anime 
7353786720489360645,gavinok,"onepiece, luffy",#ONEPIECE : Vincent Chansard animated scenes >> #onepiece #luffy
7354967171816017194,caseohnormus,"caseohclips, caseohfunnymoments, fyp, jynxzi, twitch",CaseOh and Jynxzi met at Mcdonalds ğŸ˜‚ğŸ’€ #caseohclips #caseohfunnymoments #fyp #jynxzi #twitch
7353677577220869409,lava_0_,"gesnhinimpact, genshin",hoyo ate with the ults animation #gesnhinimpact #genshin 
7357738710374321413,paula.raysa,"setup, setupgamer, setupbranco, setupinspo, mudanÃ§a, setupcustobeneficio, mesa, mesapc, desksetup, desk, pc, fy, fyp, tech, techtokbrazil",a minha mesa infelizmente quebrou e eu vou atualizar meu setup! vai ter muitos upgrades entÃ£o fica por aqui pra nÃ£o perder ğŸ¤  ğŸ·ï¸ #setup #setupgamer #setupbranco #setupinspo #mudanÃ§a #setupcustobeneficio #mesa #mesapc #desksetup #desk #pc #fy #fyp #tech #techtokbrazil 
7370412990736239877,ryyankjkk,"real, fyp, viral, fypã‚·ã‚šviral, foryoupage, foryou, naoflopa, naoflopaporfavor, vaiprafycaramba, fypã‚·",. #real #fyp #viral #fypã‚·ã‚šviral #foryoupage #foryou #naoflopa #naoflopaporfavor #vaiprafycaramba #fypã‚· 
7372940297333984518,wrckked,wutheringwaves,#wutheringwaves 
7345022482589437216,balynceaga,"jjk, gojousatoru, getosuguru, anime, fyp, geto, jujutsukaisen",4 lyfers 9 lyferz #jjk #gojousatoru #getosuguru #anime #fyp #geto #jujutsukaisen 
7374106346242952494,anngee.foote.creations,"artistlifestyle, portraitillustration, cartoonillustration, artistatheart, cartoonart, procreateartist, illustragram, characterillustration, relatableposts, artistssharing, digitalart, instaartists, procreateillustration, characterart, digitalillustrationartist, instadigitalart, stylizedart, artistbusiness, artistsofinstagram, illustratorsoninstagram, creativetype, relatablecontent, relatablestuff, artistadigital, lifeofanartist, relatable, artistlife, illustratedportrait, digitalillustration, artistssupportingartists",Iâ€™d be better off as a magician than an artist at this point ğŸ˜…  #artistlifestyle #portraitillustration #cartoonillustration #artistatheart #cartoonart #procreateartist #illustragram #characterillustration #relatableposts #artistssharing #digitalart #instaartists #procreateillustration #characterart #digitalillustrationartist #instadigitalart #stylizedart #artistbusiness #artistsofinstagram #illustratorsoninstagram #creativetype #relatablecontent #relatablestuff #artistadigital #lifeofanartist #relatable #artistlife #illustratedportrait #digitalillustration #artistssupportingartists  
7350690100872875270,srkog1,"pcs, gamingpc, buildpc, pcbuild, pcgamer, pc, srkog, rogertech, gamimgsetup, 2017",A responder a @srkog1 o final Ã© o melhor kkkk #pcs #gamingpc #buildpc #pcbuild #pcgamer #pc #srkog #rogertech #gamimgsetup #2017 
7366089555914657029,richardmaiajr,"tech, softwareengineer, developer, santander, dayinmylife, java, python, programacao",dia dev no santander â™¨ï¸ ğŸ‚âœ¨ğŸ¦…ğŸŒğŸ«¶ğŸ¼ #tech #softwareengineer #developer #santander #dayinmylife #java #python #programacao 
7364484630206090542,johnbrian210,"customerstates, customer, toyota, tacoma, toyotatacoma, fuel, gas, gasoline, diagnosis, mechanic, mechanicsoftiktok, mechaniclife, automotive, automotivetechnician, autoshop, autorepair, repair, automotiverepair, foryou, foryoupage, fy, fyp, f",Everybodyâ€™s favorite qoute incoming â€¦ the vehicle still needs level to be addressed. #customerstates #customer #toyota #tacoma #toyotatacoma #fuel #gas #gasoline #diagnosis #mechanic #mechanicsoftiktok #mechaniclife #automotive #automotivetechnician #autoshop #autorepair #repair #automotiverepair #foryou #foryoupage #fy #fyp #f#fviral 
7348436188828650758,shihiko.com,"gojo, jjk, jujutsukaisen, jujutsukaisenseason2, animetiktok, gojosatoru","You wearing thisâ€¦ğŸš¨New vault opens 2/23, link in bio #gojo #jjk #jujutsukaisen #jujutsukaisenseason2 #animetiktok #gojosatoru "
7374189118877732102,tiowendel,,Encontrei meu Draw My Life e acho que tem muita gente aqui que nÃ£o viu ainda. TÃ¡ ai uma chance de saberem mais sobre mim. Esse vÃ­deo Ã© de 2019
7344193630401219846,rmseoull,"bts, fyp, btsarmy, bts_official_bighit, btsarmyforever, fypã‚·",eu metendo o livro do bts 2015 como se ninguÃ©m fosse percebe (e nao e pra perceber msmğŸ˜› #bts #fyp #btsarmy #bts_official_bighit #btsarmyforever #btsarmyforever #fypã‚· 
7356955313792257326,danielsinfilms,"Asus, intel, roglaptop, zephyrush16, gaminglaptop, unboxing","Here is the Asus Zephyrus G16! A gaming laptop that doesn't look like one. The design is clean and minimal, just the way I like it. With the Intel Ultra 9 CPU, 2TB storage, 32GB RAM, and Nvidia 4090 GPUâ€¦this thing is a beast! #asus #intel #roglaptop #zephyrush16 #gaminglaptop #unboxing  @ASUS North America @ASUS @Intel Corporation @Intel Gaming @NVIDIA GeForce ES "
7360274686028025089,jeijeiiii0,"jujutsukaisen, jjk, cosplay, xyzbca, æŠ–éŸ³",#jujutsukaisen #jjk #cosplay #xyzbca #æŠ–éŸ³ 
7374033320604175623,teamrt001,"é¬¼æ»…ã®åˆƒ, demonslayer, tanjiro",å‘¼å¸ã‚’æ•´ãˆã‚ˆ #é¬¼æ»…ã®åˆƒ #demonslayer #tanjiro 
7366262821849550113,amyjordanj,"booktok, summerbooks, books, bookrecommendations, booksilove, bookgirl, thesummeriturnedpretty, bellyconklin, summerbook, summer, summervibes, foryou, fy",summer book stack ğŸŒŠğŸšğŸ’—ğŸ«¶#booktok #summerbooks #books #bookrecommendations #booksilove #bookgirl #thesummeriturnedpretty #bellyconklin #summerbook #summer #summervibes #foryou #fy 
7374854231712337158,nossominiape28m2,"metrocasapenha, construtorametrocasa, metrocasa, nossominiape28m2, apartamentopequeno, pintandoacasa, miniape","Seja muito bem vindos, mas nao reparem a bagunÃ§a, vida real importa ğŸ¤ŒğŸ»ğŸ˜… #metrocasapenha #construtorametrocasa #metrocasa #nossominiape28m2 #apartamentopequeno #pintandoacasa #miniape "
7361917002669133099,misteditsthings,"ryomensukuna, kingofcurses, fuga, jujutsukaisenedit, goosebumpstraviscott",the king. #ryomensukuna #kingofcurses #fuga #jujutsukaisenedit #goosebumpstraviscott 
7345598211442101509,dailyjesga,"desksetup, cozyvibes, deskgram, gamingsetup, gamergirl, setupfofo, deskgoals, pcgamergirl, pcbuild, gamingpc, kawaiisetup, setuprosa, girlgamer, setuptour, dreampc, setupinspiration, softgirl, pcgamer, mechanicalkeyboard, keyboardasmr, keycaps, kiiboom","â‹†ËšğŸ¾Ë–Â° keycaps de gatinho â‹†ËšğŸ¾Ë–Â° a Kiiboom me enviou as keycaps Purrfect Paws, no profile MAO (meow ğŸ±) pra testar e eu amei cada tecla! as orelhinhas de gato sÃ£o perfeitas e o toque Ã© bem macio, sÃ£o feitas de PBT que Ã© o material de maior qualidade para keycaps e deu um ar novo pro meu teclado!  comenta ğŸ± nos comentÃ¡rios se vocÃª quer ver um teste de som do antes e depois desse teclado âœ¨ ad/collab thank you @kiiboom.official ğŸ’– âœ©â‚ŠËš.â‹†â˜¾â‹†âºâ‚Šâœ§â‚ŠËšâŠ¹â™¡ cozy desk â€¢ desk inspiration â€¢ kawaii setup â€¢ soft girl aesthetic â€¢ study vibes â€¢ game room â€¢ mechanical keyboard  Ë¶áµ” áµ• áµ”Ë¶  #desksetup #cozyvibes #deskgram #gamingsetup #gamergirl #setupfofo #deskgoals #pcgamergirl #pcbuild #gamingpc #kawaiisetup #setuprosa #girlgamer #setuptour #dreampc #setupinspiration #softgirl #pcgamer #pcbuild #mechanicalkeyboard #keyboardasmr #keycaps #kiiboom "
7344057607654477062,fliywk,"blackclover, anime, edit, fyp",#blackclover #anime #edit #fyp 
7375996517188062469,one_piece.edits3,"foryou, fypã‚·, luffygear5, luffy, onepiece, toji_edits, viral, zoro, roronoazoro, monkeydluffy, bestduo",Best_Duo One piece â˜ ï¸#foryou #fypã‚· #luffygear5 #luffy #onepiece #toji_edits #viral #zoro #roronoazoro #monkeydluffy #bestduo @çµ¶æœ› 
7373417631015128325,orewakou,"manga, anime, onepiece, nanatsunotaizai, boruto, evangelion","Qual anime vocÃª nÃ£o indicaria nem pro seu pior inimigo? Aquele que vocÃª nÃ£o gosta de jeito nenhum? Outro dia eu fui num evento de anime e eu colei lÃ¡ e perguntei pras pessoas qual seria esse anime! E aÃ­, o que vocÃªs acharam? E qual anime vocÃªs nÃ£o indicam de jeito nenhum? #manga #anime #onepiece #nanatsunotaizai #boruto #evangelion "
7372552799009180934,genshinimpact_en,"genshinimpact, natlan",Natlan Preview Teaser - Saurian Wanderings | Genshin Impact #GenshinImpact #Natlan
7368168077663489312,sanjoyyv3,"fypã‚·, foryoupage, animeopening, openinganime, opening, op, myheroacademia, mha, peacesign",#fypã‚· #foryoupage #animeopening #openinganime #opening #op #myheroacademia #mha #peacesign
7365260863642684678,babymissdelrey,"erenjaeger, attackontitan, aot, animetok",The rumbling is here in NYC ğŸ˜ #erenjaeger #attackontitan #aot #animetok 
7374136959335189803,nightxparade,"wallpaper, wallpaperengine, setup, techtok, gamingsetup, cyberpunk, cyberpunkedgerunners",12 Wallpapers you need | More in my profile ğŸ”— Exclusive Wallpapers  @NIGHTPARADE  Rainmeter Day/Date Tutorial  @NIGHTPARADE  #wallpaper #wallpaperengine #setup #techtok #gamingsetup #cyberpunk #cyberpunkedgerunners 
7347689827426471174,dias.tech,"setupgamer, setup, pcgaming, pcgamer, techtokbrazil, meme, pc",Driver Nvidea vs driver AMD ğŸ˜‚ @DiasTech  #setupgamer #setup #pcgaming #pcgamer #techtokbrazil #meme #pc 
7364831456541134086,lucas_ishii,"notebook, notebookgamer, notebookgaming, laptop, laptopgamer, laptopgamingmurah, laptopgaming, gaminglaptop, gaming, nitrov, nitro5, setup, setupgamer, setupgaming, gamingsetup, pcgaming, pcgamer",O SUBSTITUTO do NITRO 5?! LanÃ§amento da nova linha da Acer: Nitro V! #notebook #notebookgamer #notebookgaming #laptop #laptopgamer #laptopgamingmurah #laptopgaming #gaminglaptop #gaming #nitrov #nitro5 #setup #setupgamer #setupgaming #gamingsetup #pcgaming #pcgamer
7372229215854316842,wy__xx34,"è§’è‰²æ‰®æ¼”, sugurugeto, gojo",#è§’è‰²æ‰®æ¼” #sugurugeto #è§’è‰²æ‰®æ¼” #gojo 
7375891917751536901,kaduhtech,"gpu, nvidia, amd, radeon, pc, pcgaming, setup",Te avaliando pela sua GPU  ğŸ—¿ğŸ· Evaluating you by your gpu #gpu #nvidia #amd #radeon #pc #pcgaming #setup 
7348101150174104838,e.felixpc,"react, reaction, pcgamer, hardware, setup, pcgaming",esse react em certos momentos foram dificeis de aceitar mas deu certo kkkkk se quiser parte 2 comenta awe #react #reaction #pcgamer #hardware #setup #pcgaming 
7375640493243256070,canalreginavieira,"mangÃ¡, mangÃ¡s, mangahaul, colecionadordemangÃ¡, coleÃ§Ã£odemangÃ¡s, coleÃ§Ã£odemangÃ¡, anime",Quem tambÃ©m Ã© assim? #mangÃ¡  #mangÃ¡s #mangahaul #colecionadordemangÃ¡ #coleÃ§Ã£odemangÃ¡s #coleÃ§Ã£odemangÃ¡ #anime 
7358502071982689543,markkit.hub,"booktok, bookholders, bookmarks, flowerpressed, resin, reading, books, bookworm, studywithme",No more struggling with opening books ğŸ™Œ #booktok #bookholders #bookmarks #flowerpressed #resin #reading #books #bookworm #studywithme 
7373127154294328581,matheusdogeek,"novatroop, espiral, geto, rapgeek, show, viral, viralvideo",ESPIRAL #novatroop #espiral #geto #rapgeek #show #viral #viralvideo 
7373018334096395552,grigobyte,"pc, pcbuild, pcbuilds, pcsetup, pcsetups, gaming, pcgaming, pcenthusiast, grigobyte, grigobytebuilds","âš™ï¸ Building the cleanest full black PC Part 3 The PSU and all cables are in the case and we are going forward to install the beautiful and powerful GPU - GIGABYTE GeForce RTX 4070 GAMING OC 12G. After that are going to power this beast on. Write your thoughts about this build in the comments. ğŸ“ If you want us to build your PC, send a DM.  -â€”â€” ğŸ’š Follow for more reels and shots.  ğŸ” Check out our other socials in bio.  ğŸ“© DM for collabs.  -â€”â€” #pc #pcbuild #pcbuilds #pcsetup #pcsetups #gaming #pcgaming #pcenthusiast #grigobyte #grigobytebuilds"
7352616306673257761,happy_coding_family,"html, htmlinput, programming, inputtypes, tutorial, coding, code, learncoding, learntocode",Did you know all of them? HTML Input Types - Part 1 #html #htmlinput #programming #inputtypes #htmlinput #tutorial #coding #code #learncoding #learntocode
7374524942114770181,eros20155,"waze, mesdoorgulholgbtqiğŸŒˆ",Obriagdo pelo elogio MamÃ£e @Pabllo Vittar #waze #mesdoorgulholgbtqiğŸŒˆ 
7357791750913756462,satoxxof,"jujutsukaisen, foryou, sukuna, satorugojo, anime, animeedit, animetiktok, amv, amv_anime, edit, viral, crecerentiktok, creadorestiktok, dreamsqd, onisqd, sato_squad, fyp",credits: @å·ç¥ #jujutsukaisen #foryou #sukuna #satorugojo #anime #animeedit #animetiktok #amv #amv_anime #edit #viral #crecerentiktok #creadorestiktok #dreamsqd #onisqd #sato_squad #fyp 
7356803221903445253,laygameroom,"monitorgamer, monitortgt, setupupgrade, setupgamer, monitor165hz, monitorfreesync, monitor24polegadas, monitort3h","âœ¨UPGRADE NO SETUPâœ¨eu estou apaixonadaaaa nesse monitor lindo ğŸ¤© Esse Ã© o Monitor Gamer T3H da @tgtofc, excelente para jogos e tarefas diÃ¡rias, uma opÃ§Ã£o super versÃ¡til para quem quer um monitor de qualidade com um precinho que cabe no seu bolso. ğŸ–¥ï¸ğŸ¥° Esse modelo nos foi enviado carinhosamente pela Pichau, e vocÃª sempre encontra ele por mais ou menos $600,00 no site da pichau. ğŸ˜± E sexta Ã s 14h vai rolar mais uma live promocional com descontos imperdÃ­veis e sorteios para vocÃª que precisa fazer aquele upgrade de responsa no seu pc. Fique ligado!  Obrigada @Pichau e @tgtofc pela parceria incrÃ­vel! âœ¨ğŸ’–ğŸ¥°ğŸ™ğŸ¼  #monitorgamer #monitorTGT #setupupgrade #setupgamer #monitor165hz #monitorfreesync #monitor24polegadas #monitort3h "
7344380533230636289,eldenring_2024,"ì—˜ë“ ë§, eldenring, ì—˜ë“ ë§í¸ì§‘, eldenringedit, ì¶”ì²œ, fyp","STIM & RJ PASIN - Furyâ€ â€ â€ â€@rjpasin @musicbystim @bloomlinemusic                     shots: VaatiVodya, Kigeth, ê·¼ë“ ë§ ì¬ë°Œë‹¤                                                                                              #ì—˜ë“ ë§ #eldenring #ì—˜ë“ ë§í¸ì§‘ #eldenringedit #ì¶”ì²œ #fyp "
7348210600880753952,anixz.x,"anime, aesthetic, studioghibli",â˜ï¸ . . . . . #anime #aesthetic #studioghibli 
7375976565441645829,arthur.duartt,"anime, edit, luffy, zoro, onipiece",#anime #edit #luffy #zoro #onipiece 
7372578725839375621,tamiruxx,"pcgamer, valorant, upgrade, setup",upgrade de respeito ğŸ˜#pcgamer #valorant #upgrade #setup 
7374861434083134726,isazokao,"alanzoka, capjoga, mrfall, vxgameplay, cap, fall, vx, humor, alan, isazokao, streamer, twitch, meme, game, viral, fy, labyrinthine",nao aguento eles jogando labirintite vey#alanzoka #capjoga #mrfall #vxgameplay #cap #fall #vx #humor #alan #isazokao #streamer #twitch #meme #game #viral #fy #labyrinthine 
7375977616043478277,aslan_fire,"onepiece, monkeydluffy, luffyedit, luffyâ¤",Luffy â¤ #onepiece #monkeydluffy #luffyedit #luffyâ¤ 
7351160976164637985,softani,"softani, geto, getosuguru, sugurugeto, suguru, jjk, jujutsukaisenedit, jujutsukaisen, fyp, fypã‚·",GETOâ€™S VERSION ğŸ¤­ fr i miss my old edit style #softani #geto #getosuguru #sugurugeto #suguru #jjk #jujutsukaisenedit #jujutsukaisen #fyp #fypã‚· 
7372244038805736710,ofuxico.oficial,"lula, taxaÃ§Ã£o, shein, china, compras, imposto, noticias",Lula revela que irÃ¡ vetar a taxaÃ§Ã£o de compras ate 50 dÃ³lares caso congresso aprove #lula #taxaÃ§Ã£o #shein #china #compras #imposto #noticias 
7374003450641747206,herherykwan,"planet, fyp, html, code, coding, fy, programming, foryou",planet yg bisa kalian atur sesuka hati ğŸª #planet #fyp #html #code #coding #fy #programming #foryou 
7351156158607985926,prodbylia,"mangacollection, collection, digitaldiary, unboxing, mangaunboxing, demonslayer, demonslayermanga, kimetsunoyaiba, mangahaul, haul, mangacollector, fyp, foryou, shinobu, inosuke",mais algumas coisinhas da semana do consumidor  #mangacollection #collection #digitaldiary #unboxing #mangaunboxing #demonslayer #demonslayermanga #kimetsunoyaiba #mangahaul #haul #mangacollector #fyp #foryou #shinobu #inosuke 
7375661307967720710,tamarakastroo,"tamarakastroo, novelinhastamaraepaulo, tamara, tiktok, viral",EpisÃ³dio 6: Sogra ingrata Ã© desmascarada pela nora! O final vai te surpreender! Final #tamarakastroo #novelinhastamaraepaulo #tamara #tiktok #viral 
7374415772304559366,desabafosc,,Isso Ã© tÃ£o lnd
7374487886072155398,chloe.programadora,"entrevista, entrevistadeemprego, ia, inteligenciaartificial, ai, artificialintelligence, site, web, website, blackbox","Durante uma intensa entrevista on-line, nosso candidato enfrenta um difÃ­cil desafio de codificaÃ§Ã£o que pode aumentar ou diminuir sua chance de conseguir o emprego.  Num discreto pedido de ajuda, ele sinaliza para um amigo que estÃ¡ fora do campo de visÃ£o da cÃ¢mera.  ğŸ†˜ğŸ§‘â€ğŸ’¼ Respondendo rapidamente, o amigo acessa o BlakBox AI, transformando-o em um espaÃ§o de trabalho colaborativo que lembra o Google Docs.  ğŸ“„ğŸ’» Ambos visualizam e editam o cÃ³digo simultaneamente, integrando sugestÃµes e correÃ§Ãµes em tempo real.  Esta dupla dinÃ¢mica mostra suas proezas de codificaÃ§Ã£o e trabalho em equipe, fazendo ajustes intrincados de codificaÃ§Ã£o enquanto mantÃ©m o fluxo da conversa da entrevista.  ğŸ¤ğŸ”§ Experimente a combinaÃ§Ã£o de tecnologia de IA de ponta e engenhosidade humana, transformando uma situaÃ§Ã£o estressante em uma demonstraÃ§Ã£o impressionante de resoluÃ§Ã£o de problemas e colaboraÃ§Ã£o.  Descubra como o BlakBox AI pode elevar o trabalho em equipe remoto e as prÃ¡ticas de codificaÃ§Ã£o.  VocÃª estÃ¡ pronto para levar suas habilidades colaborativas para o prÃ³ximo nÃ­vel com IA?  ğŸš€ğŸ‘¨â€ğŸ’»âœ¨ #entrevista #entrevistadeemprego #ia #inteligenciaartificial #ai #artificialintelligence #site #web #website #blackbox "
7359309965653216518,tjgamingbr_,"dicasdepcgamer, pcgaming, dicas, pc, dicaspc",DESSA VEZ ELAS NÃƒO ESTAVAM COM PROBLEMA ğŸ˜‚ #dicasdepcgamer #pcgaming #dicas #pc #dicaspc 
7357259956774636808,hysangkolmysg,"genshinimpact, fyp, ip11promax",paksağŸ’€  #genshinimpact #fyp #ip11promax 
7359888158252649735,ddeadcup1d,"jirohorikoshi, thewindrises, ghibli, ghiblistudios, fypã‚·, foryoupage",They donâ€™t make men like #jirohorikoshi no more ğŸ’”  #thewindrises #ghibli #ghiblistudios #fypã‚· #foryoupage 
7342958418577067296,keyboardabuser,minecraft,Zombie Base Destruction #minecraft 
7351858027412213034,arc_journal,"arcsearch, arcbrowser, newapps",Nateâ€™s out sick so Adam is going solo for this weekâ€™s Arc Search release note. #arcsearch #arcbrowser #newapps
7373815491292368133,haniawooga,"jjk261, jjk, jujutsukaisen, satosugu, fyp, viral, anime","art by NaaaCN, lomizuki, 17luj, Dio_saurr #jjk261 #jjk #jujutsukaisen #satosugu #fyp #viral #anime"
7362702801874455814,lilith_sakamaki,"setupgaming, desksetup, pcgamer, setupinspiration, gamergirl, gaming",Jogos multiplayer que mais tenho jogado e recomendo muito!! â‚ŠËšÊš á—¢â‚ŠËšâœ§ ï¾Ÿ. Tower of fantasy  Dont Starve Together  The Forest Phasmofobia  :ï½¥ï¾Ÿâœ§:ï½¥.â˜½Ëšï½¡ï½¥ï¾Ÿâœ§:ï½¥.: #setupgaming #desksetup #pcgamer #setupinspiration #gamergirl #gaming 
7353965802099330309,anasilvestre115,"monitor, mancer, monitorgamer, horizon, pichau, fy",meu monitor chegou ğŸ˜ #monitor #mancer #monitorgamer #horizon #pichau #fy 
7347056170009447685,sad.exekk,"onepiece, gorosei, teoria",SerÃ¡? hehe.. #Onepiece #gorosei #teoria 
7347945846740127019,thenatdiary,"journaling, journalwithme, writing, writingprompts, writingpromptsdaily, journalideas, journalinspo",â€œShe probably doesnâ€™t even careâ€ ğŸ“š #journaling #journalwithme #writing #writingprompts #writingpromptsdaily #journalideas #journalinspo 
7357492928811519237,ttati.army,"jungkook, bts, army, explore",âŸ­âŸ¬áµ‡áµ—Ë¢â·: ele Ã© um evento... #jungkook #bts #army #explore  @AbjkMRstY @Calvin Klein 
7372636774616550674,caby66_,"japan, nature, fyp, foryoupage, perte",ghibli film in real life #japan #nature #fyp #foryoupage #perte 
7374912919164734726,marialuizamartinns,,
7375355253048265989,gordinezbr_,"pcgamer, pcgaming, setupgamer, setupgaming, intel, hardware, gamer",Respondendo a @senna o seu processador da intel tambÃ©m Ã© assim? ğŸ¤£ #pcgamer #pcgaming #setupgamer #setupgaming #intel #hardware #gamer 
7375253761524124961,51020funny,ğŸ—¿,#ğŸ—¿ 
7345231405842025733,arcanjoppro,"pcgamer, gabinetegamer, pccustobenefÃ­cio, gamer, tech","Chegou o gabinete  do nosso PC gamer de R$1500! Embora o design possa nÃ£o agradar a todos, pessoalmente achei muito massa. AlÃ©m do suporte para placa mÃ£e ATX, destaco o design interessante e a presenÃ§a de 3 fÃ£s embutidos. Vamos conferir juntos essa nova aquisiÃ§Ã£o! #pcgamer #gabinetegamer #pccustobenefÃ­cio #gamer #tech @Victor Arcanjo "
7374151132932738310,emys.dailyy,"haikyuu, haikyuumovie, kenma, figure, anime","minha primeira look up figure tinha que ser do kenma, estou apaixonada ğŸ«¶ğŸ» #haikyuu #haikyuumovie #kenma #figure #anime "
7375278176215256327,stories_kingo,"fyp, june, itsthefirstofthemonth, foryoupage, stories_kingo",Itâ€™s June everyone!! #fyp #june #itsthefirstofthemonth #foryoupage  #stories_kingo 
7343023021940018464,aizewn,"bleach, bleachanime, ichigo, aizen, anime",OG bleach version #bleach #bleachanime #ichigo #aizen #anime
7374897845612055813,bibis.editss,"sofiasantino, bellahadid, fy, fyp, fypage, viral, viralvideo, foryou, vaiprofycaramba, viraliza, fyppppppppppppppppppppppp","Pov: Melhor mÃ£e e filha : Bella Hadid Ã© quem cuida , educa , e manda na sua filha , Sofia ğŸ¤£ #sofiasantino #bellahadid #fy #fyp #fypage #viral #viralvideo #foryou #vaiprofycaramba #viraliza #fyppppppppppppppppppppppp "
7354523044058008874,icon.pcs,"friday, milesmorales, spiderman, spiderverse, spidermanfarfromhome, pc, rgb, pcmr",Its a Hyte y60 going full Spidy! #friday #milesmorales #spiderman #spiderverse #spidermanfarfromhome #pc #rgb #pcmr @Hyte 
7345456690826857746,mystic.js,"coding, programming, htmlcss, csstools, csstooltip, codinghacks, htmltricks, programmingtips, uiux, uixuxdesign, softwareengineer, ai, aitools",Magical Ai Tools You Need To Try! ğŸ§™ğŸ»â€â™‚ï¸ğŸª„ #coding #programming #htmlcss #csstools #csstooltip #codinghacks #htmltricks #programmingtips #uiux #uixuxdesign #softwareengineer #ai #aitools 
7344575267765013766,nukivi,"redmise, redmipadse, xioamiredmise, tablet, androidtablet, student, studytok, studywithme",These are my two fav case for Redmi Pad SE #redmiSE  #redmipadse  #xioamiredmise  #tablet  #androidtablet  #student  #studytok  #studywithme 
7351877652225002784,stra.to,"valorant, valorantgaming, valorantclips, valorantmemes",Abonnez vous ğŸ™Œ  (regardez les autres parties) #valorant #valorantgaming #valorantclips #valorantmemes 
7353978601823358213,leonsilicon,"developer, swe, coding, keyboard, programming",good developers donâ€™t use a normal keyboard ;) #developer #swe #coding #keyboard #programming 
7369805895485771014,haikoxpp,"gojousatoru, sukuna, jjk260, jujutsukaisen, mangaedit",Gojo is back ğŸ—£ï¸ (Jjk manga 260) #gojousatoru #sukuna #jjk260 #jujutsukaisen #mangaedit
7347374025221393696,pythonblyat5,"codingmemes, programming, codinglife, pythonteacher, helloworld, pythonprogramming, viral",Hello world! #codingmemes #programming #codinglife #pythonteacher #helloworld #pythonprogramming #viral 
7344734719956765958,theolas73,"tanjirokamado, nezukokamado, tanjiroedit, nezukoedit, tanjiro, nezuko, demonslayer, demonslayeranime, kimetsunoyaiba, kimetsunoyaibaseason3, kny, knyedit, fyp, viral, grow, foryou, foryoupage, recommendations",This scene... #tanjirokamado #nezukokamado #tanjiroedit #nezukoedit #tanjiro #nezuko #demonslayer #demonslayeranime #kimetsunoyaiba #kimetsunoyaibaseason3 #kny #knyedit #fyp #viral #grow #foryou #foryoupage #recommendations 
7371061460912344353,kiikodoki,"pc, pcsetup, gamingsetup, pcbuild, hatsunemiku, cinnamoroll",Happy monday! ğŸ©µ #pc #pcsetup #gamingsetup #pcbuild #hatsunemiku #cinnamoroll 
7346254821252451590,minaedit30,"mha, myheroacademia, deku, bakugou, ochakouraraka, anime, animeedit, animetiktok",ğŸ˜‚ğŸ˜‚ #mha #myheroacademia #deku #bakugou #ochakouraraka #anime #animeedit #animetiktok 
7357046470110956806,biacavalcantee_,"notebook, notebookdesign, notebookdecoration, aesthetic, decoracao, personalizado, rosa",Respondendo a @â€”  Lia  ğƒ£   ê›Š como personalizar a tela de bloqueio do notebook ğŸ’»ğŸ’— #notebook #notebookdesign #notebookdecoration #aesthetic #decoracao #personalizado #rosa 
7374327247265631494,piyorins,"sololeveling, orv, omniscientreader, manhwa, webtoon, manhwarecommendation, actionfantasy, fyp, fypã‚·, fypã‚·ã‚šviral, foryou, xyzbca",action fantasy ğŸ”›ğŸ” #sololeveling #orv #omniscientreader #manhwa #webtoon #manhwarecommendation #actionfantasy #fyp #fypã‚· #fypã‚·ã‚šviral #foryou #xyzbca 
7355490333658074373,mateusedit.s,blackclover,Yuno e Asta vs Zagred #blackclover 
7367443064928914695,boostaddictz.co,"pcbuild, gamerpc",#pcbuild #gamerpc 
7356795834593234182,bjmave,"fyp, gojousatoru, gojoestavivo, satorugojo, jujutsukaisen",Se que esta vivo! ğŸ™ğŸ»ğŸ•¯ï¸#fyp #gojousatoru #gojoestavivo #satorugojo #jujutsukaisen 
7367826796953226502,gantetsusaitamiya,"manga, mangacollection, mangashelving, jjk, jujutsukaisen, tokyoghoul, bleach, fypã‚·, fy, fyp, foryoupage",infelizmente a filha de vocÃªs tem esse gosto por esse tipo de coisa ğŸ¥² #manga #mangacollection #mangashelving #jjk #jujutsukaisen #tokyoghoul #bleach #fypã‚· #fy #fyp #foryoupage 
7351809483053927685,nothing.tech,"tech, techtok, TechTokTips, fy, foryou, fyyyyyyyyyyyyyyyy, fyp, coding, vscode, programming, gamer, setup, cleansetup",Homeâ¤ï¸ #tech #techtok #techtoktips #fy #foryou #fyyyyyyyyyyyyyyyy #fyp #coding #vscode #programming #gamer #setup #cleansetup 
7375173988374383914,thefarthundershow,"fyp, warthunderaviation, warthundertiktok, warthundervideo, gaming, gamingontiktok",Warthunder video #fyp #warthunderaviation #warthundertiktok #warthundervideo #gaming #gamingontiktok 
7374809025705282849,simply.megumi,"gojo, gojoedit, gojosatoru, shoko, shokoedit, shokoieiri, geto, getoedit, getosuguru, jjk, jjkedit, jujutsukaisen, jujutsukaisenedit, fy, fyp",shoko the only one left alive cuz sheâ€™s just better like that || #gojo #gojoedit #gojosatoru #shoko #shokoedit #shokoieiri #geto #getoedit #getosuguru #jjk #jjkedit #jujutsukaisen #jujutsukaisenedit #fy #fyp
7361154862286982406,alexkademusic,"jujutsukaisen, jjk, nanami, geto, gojo, shibuyaarc, jujutsukaisenedit, animerave, animemusic, animecon, weeblife, animeparty, wetouchgrass, animeremix",When the DJ plays #JujutsuKaisen at the club ğŸ˜­ğŸ’” #jjk #nanami #geto #gojo #shibuyaarc #jujutsukaisenedit #animerave #animemusic #animecon #weeblife #animeparty #wetouchgrass #animeremix
7359303038340828422,techgusoficial,"pc, pcgamer",Como montar um PC Gamer! #pc #pcgamer 
7358874532347645217,razer,"razer, fireflyv2pro, gaming, chroma, rgb, mousemat, mousepad, gamingontiktok",The worldâ€™s first LED backlit gaming mouse mat. What else needs to be said? #razer #fireflyv2pro #gaming #chroma #rgb #mousemat #mousepad #gamingontiktok 
7375918530753088774,tipsbystudies,"rotina, produtividade, foco, fyp",Sou APAIXONAADAA no de uva verde ğŸ˜‹ğŸ˜‹ nÃ£o Ã© igual aqueles suplementos com gosto ruim #rotina #produtividade #foco #fyp 
7370056274031004934,zedejoze,"jujutsukaisen, jujutsukaisenedit, satorugojo, gojousatoru, jujutsukaisenanime, jujutsukaisenseason3, animes, anime",Informacoes sobre a nova temporada de jujutsu kaisen  #jujutsukaisen #jujutsukaisenedit #satorugojo #gojousatoru #jujutsukaisenanime #jujutsukaisenseason3 #animes #anime 
7373928667958840583,chrizn15,"wuwa, wutheringwaves, boss, openworld, fyp",Sanhua vs Crownless no damage #sanhua #wuwa #wutheringwaves #boss #openworld #fyp
7359271178151775494,xceriwzz,"anime, edit, jujutsukaisen, itadoriyuuji, nobara",burn world for her..#anime #edit #jujutsukaisen #itadoriyuuji #nobara
7354397804212751622,anajup_,"cod, warzone, codwarzone, pc, pcgamer",Fim da saga!! #cod #warzone #codwarzone #pc #pcgamer 
7373344356306062598,sad.exekk,"onepiece, teoria, chopper","tentei mudar um pouquinho da ediÃ§Ã£o, espere que gostem!! #OnePiece #Teoria #chopper "
7346717655220407557,just.arcs,"deskgoals, deskgram, cozydesksetup, cozydesk, gamingdesk, whitesetup, deskdecor, deskinspo, pcsetup, wfhsetup, setupwars, deskaesthetic, cozygaming, cozygamingsetup, workspacegoals, workspacedesign",Can you spot the difference? ğŸ” Happy weekend âœ¨ #deskgoals #deskgram #cozydesksetup #cozydesk #gamingdesk #whitesetup #deskdecor #deskinspo #pcsetup #wfhsetup #setupwars #deskaesthetic #cozygaming #cozygamingsetup #workspacegoals #workspacedesign 
7343075785202322694,kingfreecss,"kingfreeces, hxh, darkcontinent, netero, donfreecss, ziggzoldyck, fyp, viral, ging, gon, zenozoldyck, silvazoldyck, auntmito, freecss, zoldyck",OMG BRO #kingfreeces #hxh #darkcontinent #netero #donfreecss #ziggzoldyck #fyp #viral #ging #gon #zenozoldyck #silvazoldyck #auntmito #freecss #zoldyck
7347660865161661701,sever_and,"sousounofrieren, frieren, himel, frierenanime",#sousounofrieren #frieren #himel #frierenanime 
7375222965874494726,ny2seokcollect,"studioghibli, studioghiblifilms, collection, mangacollection, fyp",Meu sonho collector em mÃ£os! ğŸ˜­ğŸ’ #studioghibli #studioghiblifilms #collection #mangacollection #fyp 
7344010203765017862,lucas_ishii,"setup, setupgamer, setupinspiration, setupgaming, gamingsetup, wifi, wifi6, wireless, wifiax, xiaomi, ax3000, router, roteador",Meu Wi-Fi MELHOROU MUITO com esse KIT de ROTEADORES da Xiaomi! AX3000 #setup #setupgamer #setupinspiration #setupgaming #gamingsetup #wifi #wifi6 #wireless #wifiax #xiaomi #ax3000 #router #roteador
7373297788857093382,bielzico4x,"fy, xeon, pcgamer, foryou, pcfraco, x79",Ã‰ meme #fy #xeon #pcgamer #foryou #pcfraco #x79 
7358196509818621217,yawnzzn0811,"rickymontgomery, jujutsukaisen, cologne, concert, rickymontgomeryconcert, sugurugeto, satorugojo, satosugu",@ricky montgomery concert cologne 14/04 #rickymontgomery #jujutsukaisen #cologne #concert #rickymontgomeryconcert #sugurugeto #satorugojo #satosugu 
7366430331328531718,naomi.matsu,"jujutsukaisen, anime, animebrasil",Como assistir Jujutsu Kaisen na ordem cronolÃ³gica? ğŸ§ #jujutsukaisen #anime #animebrasil 
7355198042187762950,and1oficial,"editor, anime, animeedit, onepiece, onepieceedit, onepieceanime, liveactionanime, liveaction, aftereffects, motiondesign, animation, animation2d, 2danimation, fyppppppppppppppppppppppp, fypã‚·, photoshop, animefyp, animetiktok",AnimaÃ§Ã£o do BUGGY feita para o Rodrigo Zin #editor #anime #animeedit  #onepiece  #onepieceedit  #onepieceanime #liveactionanime #liveaction  #aftereffects  #motiondesign  #animation #animation2d  #2danimation  #fyppppppppppppppppppppppp  #fypã‚· #photoshop  #animefyp  #animetiktok
7361166386036608261,digaoroque,"booktokbrasil, fy, livros",qual vc prefere? #booktokbrasil #fy #livros 
7356248055223536901,rafaroy,"jovemempreendedor, empreendedorismodigital, marketingdigital",Fiz o que a maioria nÃ£o tem coragem de fazerğŸ‘¨ğŸ»â€ğŸ’» #jovemempreendedor #empreendedorismodigital #marketingdigital 
7374047263334616325,deypro.f,"gojovssukuna, satorugojo, gojo, jjk, gojoedit, jujutsukaisen, jjkedit, fyp, pyf",#gojovssukuna #satorugojo #gojo #jjk #gojoedit #jujutsukaisen #jjkedit ##fyp #pyf 
7348946340333833504,reincarnatedintoinsanity,"foryou, itadori, itadoriyuuji, gojo, gojousatoru, jjk, jujutsukaisen, opening, op, music",Jujutsu kaisen op ğŸ”¥ #foryou #itadori #itadoriyuuji #gojo #gojousatoru #jjk #jujutsukaisen #opening #op #music 
7356211305184824622,arayzia,"minecraft, mc, minecraftbuilding, minecrafter, gaming, coquette, bow, minecraftmemes, minecrafttutorial, minecraftideas, minecraftpe, minecraftbuildingideas, cute",Minecraft Cherry Blossom Spring Picnic Table #minecraft #mc #minecraftbuilding #minecrafter #gaming #coquette #bow #minecraftmemes #minecrafttutorial #minecraftideas #minecraftpe #minecraftbuildingideas #cute 
7363661564852931845,setuppalyerreserva,"pcbuild, pc, pcfraco, pcsetup, setupgamer, gamer, mundogamer, setupgaming, pcgaming",Hora de desligar o pc Ã© triste  #pcbuild #pc #pcfraco #pcsetup #setupgamer #gamer #mundogamer #pc#setupgamer #setupgamer #setupgaming #pcgaming 
7364146963643682054,lauraqfranco,"hobbies, arte, girlythings, hobby, produtividade",ğŸ€ Ideias de hobbies nÃ£o-Ã³bvios que vÃ£o te tornar uma pessoa mais interessante: parte 2! #hobbies #arte #girlythings #hobby #produtividade 
7373274826733014303,valorant_tony,"valorant, valorantcosplay, cosplay, foryou",i thought it's CGğŸ˜­â¤ï¸#valorant #valorantcosplay #cosplay #foryou 
7375376690844814597,fernando_estrella_18,"rtx4070tisuper, fy, nvidia, windows, foryou, ğŸ’€ğŸ’€ğŸ’€",Este pc nao atende os requisitos minimosğŸ’€ğŸ’€ğŸ’€#rtx4070tisuper #fy #nvidia #windows #fy #foryou #ğŸ’€ğŸ’€ğŸ’€ 
7364730460313832736,theanimetrend,"jujutsukaisen, jjkedit, jjk, anime, animeedit, fyp, foryou, foryoupage, trending, tiktok",#jujutsukaisen #jjkedit #jjk #anime #animeedit #fyp #foryou #foryoupage #trending #tiktok 
7358374554609143072,realshanks,"anime, onepiece, onepieceedit, roger, ace, sad, realshanks, fyp",â€œyou must protect my childâ€ğŸ’” | IB: joshi.ae (Ig) #anime #onepiece #onepieceedit #roger #ace #sad #realshanks #fyp 
7371592370866916614,savo.wmv,"pcgamer, setupgamer, edifier, gaming","SERÃ QUE O MOUSE TOCA MÃšSICA? ğŸ˜± âœ… Esse Ã© o Hecate G3M PRO, o PRIMEIRO mouse gamer da @edifier.brasil. E olha, ele me surpreendeu!  ğŸ“¦ O link dele tÃ¡ na minha bio! âœ… A propÃ³sitoâ€¦ Sabia que vocÃª pode conseguir o Office e o Windows com preÃ§os INCRÃVEIS?! WINDOWS 10/11 PRO por R$80,00 na gvgmall.com (cupom â€œSCWâ€ pra 25% de desconto, links na BIO) Pois Ã©, deveria ter ido em https://gvgmall.com se quisesse uma key OEM genuÃ­na e barata! ğŸ‘€ #pcgamer #setupgamer #edifier #gaming"
7356422647950871814,kokoroniw,"genshinimpact, genshin, genshinedit, archon, raidenshogun, zhongli, venti, nahida, furina, focalors, makoto, morax, barbatos, rukkhadevata","USED 8 VIDS FOR THIS EDIT ğŸ˜­ğŸ˜­ â€” ib: @Mammon tho... | creds: miota, hamelin_, hanabi network & cyclic abelian on yt! #genshinimpact #genshin #genshinedit #archon #raidenshogun #zhongli #venti #nahida #furina #focalors #makoto #morax #barbatos #rukkhadevata "
7373835804440907014,rafinhaacioly,"marinha, navio, cruzeiro, offshore, marinhamercante, efomm, mulheresmercantes, pilotodenavio, concurso, concursopublico",O que fiz pra me tornar piloto de navio da marinha mercante?  #marinha #navio #cruzeiro #offshore #marinhamercante #efomm #mulheresmercantes #pilotodenavio #concurso #concursopublico 
7354105846835465477,jerbearhome,"workfromhome, homeofficedecor, wfh, workspace, desksetup",Asmr sounds of working from home todayğŸ‘¨ğŸ»â€ğŸ’»â˜•ï¸. #workfromhome #homeofficedecor #wfh #workspace #desksetup 
7372687324213234950,mrluzs,"hildafuracao, anapaulaarosio, rodrigosantoro, novelas, globoplay, brazil, fyp, viral","As brigas de Hilda FuracÃ£o e Frei Malthus// A briga deles sÃ£o tÃ£o intensas quanto os momentos romÃ¢nticos, amo que amo #hildafuracao #anapaulaarosio #rodrigosantoro #novelas #globoplay #brazil #fyp #viral "
7372622623773052165,speedupsongs.f,"speedup, fyp, speedsongs, songs",let the world burn.... #speedup #fyp #speedsongs #songs 
7354018128067595566,rolicannoli,"pc, gaming, gamer, desksetup, kawaiisetup, gamergirl, setup, sanriosetup, cinnamoroll, sanrio, sanrioaesthetic, kawaii, kawaiiroom, gamergirlsetup, cozygamingsetup, fyp",OFF vs ON ğŸŒ¸ #pc #gaming #gamer #desksetup #kawaiisetup #gamergirl #setup #sanriosetup #cinnamoroll #sanrio #sanrioaesthetic #kawaii #kawaiiroom #gamergirlsetup #cozygamingsetup #fyp 
7345597404068056363,.nickzss_,"classroomoftheelite, ayanokouji, kiyotakaayanokouji, cote, anime, animeedit, blowthisup, fyp, foryou",Bluds gonna k.o them â˜ ï¸ || #classroomoftheelite #ayanokouji #kiyotakaayanokouji #cote #anime #animeedit #blowthisup #fyp #foryou 
7375979039531535621,bookss_elly,"books, livros, fyp, ler, amazon, estante, paz, lidos",Quantos livros eu leio em 1 semana ? (Nao sei oq deu normalmente nao leio nem metade disso) #books #livros #fyp #ler #amazon #estante #paz #lidos 
7352974160097856801,kerianei,"attackontitan, snk, fypã‚·, foryou, dog, erenjaeger, foryourpage",#attackontitan #snk #fypã‚· #foryou #dog #erenjaeger #foryourpage 
7365990569593638149,tjgamingbr_,"dicasdepcgamer, pcgaming, dicas, pc, dicaspc","MISERICÃ“RDIA, KIT XEON ğŸ’© #dicasdepcgamer #pcgaming #dicas #pc #dicaspc "
7373286907373014305,thisisjpop,"opening, songs, animeopening, throwbacksongs",Most streamed Naruto Openings on Spotify ğŸ”¥ #opening #songs #animeopening #throwbacksongs 
7370004739460844805,setupplayerr,"hydra, hydralauncher, jogosgratis, gratuito, launcher, pcgaming, pcgamer, pc, setupgamer, games, jogos",Hydra vale a pena? #hydra #hydralauncher #jogosgratis #gratuito #launcher #pcgaming #pcgamer #pc #setupgamer #games #jogos 
7375637200752659717,dear.emby,letmeexplainstudios,ALELUIA(eu meio Rebecca q sÃ£o todas as emoÃ§Ãµes:) |â˜…| #letmeexplainstudios 
7373740152776117537,piratetwanoo,"tattoo, jujutsukaisen, gojo, gojousatoru, animetattoo, mangatattoo, animetattooartist, otaku, otakus, shibuya, anime, animetattooideas, animetattooer, paris, france",Satoru Gojo  äº”ã”æ¡ã˜ã‚‡ã†æ‚Ÿã•ã¨ã‚‹ Contact:piratetwanoo@gmail.com â€¢ â€¢ â€¢ â€¢ â€¢ â€¢ #tattoo #jujutsukaisen #gojo #gojousatoru  #animetattoo #mangatattoo #animetattooartist #otaku  #otakus #shibuya #anime #animetattooideas #animetattooer  #paris #france 
7374166648829349126,karasucollectibles,"maki, jujutsukaisen, paratii, makizenin",Let's start PO! any order directly email to karasucollectibles@gmail.com or you can purchase directly from any of our distributors Brand: Karasu Collectibles  Product: Maki Zenin ES: TBD Size 1/6: H:29CM Price: $300  USD+ paypal fees Deposit: $95 USD + paypal fees Release date: Q3-Q4 2024 #maki #jujutsukaisen #paratii #makizenin 
7364509601481444614,anajulivros,booktokbrasil,quem adivinhar quantos livros eu tenho vai ganhar um guaravita #booktokbrasil 
7369176273064578336,razvann.am,"demonslayer, tanjiro, nezuko, tomioka, sanemi, demonslayeredit, anime, animeedit",repost pls #demonslayer #tanjiro #nezuko #tomioka #sanemi #demonslayeredit #anime #animeedit
7374071493925276934,natyylt,"pcbuild, pcsetup, setupgamer, pcgaming, pcgamer, daysgone, foryou, fyp",Respondendo a @eresoncruz meu pc esquenta muito? ğŸ¤” #pcbuild #pcsetup #setupgamer #pcgaming #pcgamer #daysgone #foryou #fyp 
7369932926181477649,ilrvxl,,ãƒãƒ¼ãƒ•ã‚¢ãƒƒãƒ—å¤šã‚
7350433868505189638,caio_andres,"dev, ti, code, chave",complicado quando isso acontece (sempre) #dev #ti #code #chave 
7372807851686907154,kaitodkrob_ii,"lumine, dainsleif, dainlumi, genshinimpact",#lumine #dainsleif #dainlumi #genshinimpact 
7366059667916623120,iamnoahred6,,# i love typing as well 
7352931407271955718,zoricism,"sololeveling, sungjinwoo, manhwa, manhwafyp",Solo leveling edit | Only the strong survives. #sololeveling #sungjinwoo #manhwa #manhwafyp 
7352598430146907397,kazuki.morimura,"kioshikazuhari, foryou, fyp, fypã‚·, fandomindoaloucura, gegevaisefude, ogojonaomorreu, fandomdejjk, jujutsukaisen, lutafinaldejjk",#kioshikazuhari #foryou #fyp #fypã‚· #fandomindoaloucura #gegevaisefude #ogojonaomorreu #fandomdejjk #jujutsukaisen #lutafinaldejjk 
7374854712530570529,vnmzlvr,"optimusprime, optimusprimeedit, optimusprimebeingaggressivelydominated, transformer, transformersedit, transformersageofextinction, bayversetransformers, fyp, foryoupage, xyzbca",#OPTIMUSPRIME | gonna start making transformers edits again :3 | #optimusprime #optimusprimeedit #optimusprimebeingaggressivelydominated #transformer #transformersedit #transformersageofextinction #bayversetransformers #fyp #foryoupage #xyzbca
7370012433915628805,biacavalcantee_,"notebook, notebookdesign, estudos",NÃ£o engana o cliente nÃ£o kkkkk #notebook #notebookdesign #estudos 
7355149592142335274,levislimbs,"mangashelving, manga, mangashelf, asilentvoice, anime, anitok, animanga, bananafish, tiktokrizzparty, happinessmanga, mylittlemonster, aot, jjk, csm, shuzooshimi, junjiito, deathnote, mobpsycho, gojo, hxh, tvgirl, trinkets, daytimeshootingstar",and her nails were done ğŸ’… #mangashelving #manga #mangashelf #asilentvoice #anime #anitok #animanga #bananafish #tiktokrizzparty #happinessmanga #mylittlemonster #aot #jjk #csm #shuzooshimi #junjiito #deathnote #mobpsycho #gojo #hxh #tvgirl #trinkets #daytimeshootingstar 
7355613921853639942,smalltroop,"geek, meme, humor",Eu cantando sozinho / Meus vizinhos me ouvindo â€œTenho trÃªs refens no meu banheiro ğŸ‘¹â€ #geek #meme #humor 
7345975259608190214,newjudge,"estudante, dicasparaestudante, estudos, aithor, sitesdeestudos, hacksdeestudio, ai_thor",Sites que todo estudante precisa conhecer - e o site de hoje Ã© o aithor.com #estudante #dicasparaestudante #estudos #aithor #sitesdeestudos #hacksdeestudio #ai_thor
7375663941252287750,senna_ue,"gamergirl, setupgaming, whitesetup, gamesetup",Cantinho de paz ğŸ’™ğŸ‘¾#gamergirl #setupgaming #whitesetup #gamesetup 
7345850680974003462,manodasdicas_,"samsung, melliuz, informatica, promo, promocao, notebook",RECEBIDO MUITO BEM PARCELADOâœ¨ GraÃ§as a live da @samsungbrasil e do cashback da @meliuzoficial peguei um descontÃ£o hihi #samsung #melliuz #informatica #promo #promocao #notebook 
7375640195833629957,maisanziinha,"valorant, humor, gameplay, brasil, fypã‚·, valorantcreator","eu e o leo, 300km/h, quem grita mais alto? | #valorant #humor #gameplay #brasil #fypã‚· #valorantcreator "
7364808262027365665,nyukne,"aprildump, videodiary, roominspo, animeroom",happy may to everyone <3 expecting a nice and busy month #aprildump #videodiary #roominspo #animeroom 
7374905307329236229,tiosunn,,Ela teve a casa alagado no Rio Grande do Sul e estÃ¡ sendo atacada por issoâ€¦ (@ğ™…ğ™ªğ™¡ğ™ğ™– ğ™‰ğ™–ğ™¤ğ™ ğ™_â‹† Ëšï½¡ğŸ“ ! )
7346238192481242401,cazlabz,jjk,How well do your moots know you? #jjk 
7374156325703486725,estheralbrechtt,"acampamentoestherlandia, estherlandia, historiasbizarras",Os dois cidadÃ£os que se juntaram e descobriram o criador e dono da Glitterex disseram que vÃ£o voltar com atualizaÃ§Ãµes quando descobrirem o maior comprador da empresa e agora temos que esperar pra descobrir o resto. #acampamentoestherlandia #estherlandia #historiasbizarras 
7347742258860395809,veno.ae_,"roger, luffy, onepiece, anime, edit, animetiktok, animefyp",But not his ideas...#roger #luffy #onepiece #anime #edit #animetiktok #animefyp
7350302940986461446,brfairy,"moonstoneisland, jogo, jogos, jogodigital, jogoindie, gamesbrasil, gamerbrasil, garotagamer, pinksetup, setuprosa, rawfury","completamente apaixonada por Moonstone Island ğŸ¥¹ğŸ’– ele estÃ¡ por R$59,99 na Steam e vai lanÃ§ar para Nintendo Switch ainda esse ano! â‹…Ëšâ‚Šâ€§ à­¨à­§ â€§â‚ŠËš â‹… tags: #moonstoneisland #jogo #jogos #jogodigital #jogoindie #gamesbrasil #gamerbrasil #garotagamer #pinksetup #setuprosa #rawfury "
7355610586430098734,aleksminle,"sungjinwoo, sololeveling, sololevelingedit, sungjinwooedit, voiceacting, voiceactor, anime, fyp","Hereâ€™s a behind the scenes look at the Jinwoo vs Igris fight ğŸ‘ Right after recording this, I went to meet with fans at a convention & talked to em for 4 hours. Bc of all that + allergies, I blew out my voice & coughed a lil blood the next day. Thanks for having fun with me the last couple of vids, yâ€™all are real for that. I appreciate you ğŸ’™ #sungjinwoo #sololeveling #sololevelingedit #sungjinwooedit #voiceacting #voiceactor #anime #fyp"
7350083190993734918,cactts7,"foryou, setup, teclado, keyboard, ultimaromantica, couplegoals",Te amo amorğŸ«¡ğŸ«€ #foryou #setup #teclado #keyboard #ultimaromantica #couplegoals
7375583809774882053,gusthavoll_,anime,O hinata perdido ali no meio #anime 
7351451849674837280,devdive_,"fy, fyp, fypã‚·ã‚šviral, foryou, foryoupage, programming, coding, code, developer, developing, development, programmer, javascript, html, cascadingstylesheets, devdive, meme, funny",LiterallyğŸ˜‚ | DevDive #fy #fyp #fypã‚·ã‚šviral #foryou #foryoupage #programming #coding #code #developer #developing #development #programmer #javascript #html #cascadingstylesheets #devdive #meme #funny 
7345386298712050949,arttus_live,"art, drawing, howtodraw, arttutorial, anatomy, pose, digitalart, sketching",#art #drawing #howtodraw #arttutorial #Anatomy #pose #digitalart #sketching 
7365624942055984389,orewakou,"manga, anime, naruto, onepiece, spyfamily, dragonball","Qual anime todo mundo ama mas vocÃª odeia ou nÃ£o gosta muito? Eu fiquei com essa dÃºvida, entÃ£o eu fui num evento de anime fazer essa pergunta pras pessoas e algumas respostas me surpreenderam! E aÃ­, o que vocÃªs acharam? E qual anime que todo mundo ama que vocÃªs nÃ£o gostam muito? #manga #anime #naruto #onepiece #spyfamily #dragonball "
7375265272233594145,ekacerowa,"foryou, dubai, fyp, fypage, realshi",ğŸŒƒ #foryou #dubai #fyp #fypage #realshi 
7369613532188495136,_insannity,"vinyl, retro, regalo, tranquilidad, speaker, kpop","ArmonÃ­a, tranquilidad, serenidadâœ¨ #vinyl#retro#regalo#tranquilidad#speaker#kpop "
7374860207731559685,cammyliholanda,"universidad, faculdade, estudante, alunos, fyp, foryou, fypã‚·ã‚šviral, fy, foyyyyyyyyyyyyyyy, universidade, dicas, estudantes, vaiprofycaramba","Podem questionar meus mÃ©todos, mas nÃ£o os meus resultados ğŸ¤£ #universidad  #faculdade  #estudante  #alunos  #fyp  #foryou  #fypã‚·ã‚šviral  #fy  #foyyyyyyyyyyyyyyy  #universidade  #dicas  #estudantes  #vaiprofycaramba "
7374898338979728645,.wshnrique,"poderes, foryoupage, foryou",#poderes #foryoupage #foryou 
7361934726216600837,tosemkit,"pc, setupgamer",Setup gamer de 4500 Reais !!!  #pc #setupgamer
7365516317958491398,anabananablox,"roblox, viral, robloxfyp",Fingindo ser um eboy no Roblox ğŸ’€ || #roblox #viral #robloxfyp
7347449803166567712,venusmarta,"onepiece, onepiecestatues, tour, luffy, japan, japon, kumamoto, fyp, oda, eiichirooda",One Piece Statues â¤ï¸ @Lozan01 #OnePiece #OnePieceStatues #Tour #Luffy #Japan #Japon #Kumamoto #fyp #Oda #eiichirooda 
7351106423230565665,cozyaddy_,"cozygamingsetup, gamingsetup, desksetup, pcsetup, setupinspiration, gamingpc, whitepc, techtok, aesthetic, foryou, fyp",sunny days >>  #cozygamingsetup #gamingsetup #desksetup #pcsetup #setupinspiration #gamingpc #whitepc #techtok #aesthetic #foryou #fyp 
7373619779489369377,janm_ux,"ui, uidesign, userinterface, interface, uiux, uiinspiration, appdesign, appdeveloper, appdesigner, appdevelopment, ux, uxdesignmastery, userinterfacedesign, uidesigner",Health tracking mobile app UX/UI design timelapse ğŸ”¥ How do you like the final results? Ready to learn how to design smooth and usable interfaces together? Check out my courses on the links in BIO! ğŸš€ #ui #uidesign #userinterface #interface #uiux #uiinspiration #appdesign #appdeveloper #appdesigner #appdevelopment #ux #uxdesignmastery #userinterfacedesign #uidesigner
7361819476456656134,madusspace,"letras, handwriting, resumos, study, studybrasil, studygram, studies, escrita, estudos, escrever, handwritten, notes, aesthetic, pentel, studyvlog, materialescolar, materialgirl, cadernos, cadernobonito, fichario, f, fypã‚·, fyp, reels, ipad, ipadmini, ipadstudy, ipadshopee","LEIA A LEGENDAâ€¼ï¸â€¼ï¸ decidi trazer um reels mostrando melhor como vem funcionando o ipad que comprei na shopee! vou deixar aqui algumas informaÃ§Ãµes sobre ele:   â€”â€” modelo: ipad mini 1  â€”â€” armazenamento: 16gb  â€”â€” versÃ£o do IOS: 9.  â€”â€” funcionalidade: os aplicativos bÃ¡sicos, jÃ¡ que devido a versÃ£o, ele nÃ£o suporta o download de nenhuma rede social atualizada.  â€”â€” recomendo comprar esse ipad caso vocÃª queira algo barato, e que funcione de maneira bÃ¡sica. ele Ã© um ipad original usado, entÃ£o funciona perfeitamente bem dentro dos seus limites de â€œusadoâ€ e â€œantigoâ€, hahahaha.  â€”â€” aplicativos que consegui baixar: pinterest, netflix, pixel farm, notability, kindle. | o youtube funciona nele, mas vocÃª precisa abrir pelo safari pra funcionar, mas os vÃ­deos rodam numa boa qualidade, numa velocidade considerÃ¡vel.  â€”â€” funciona bem para os estudos, leitura de pdf, anotaÃ§Ãµes, e vÃ­deo aulas no youtube.   â€”â€” minhas consideraÃ§Ãµes: achei a qualidade da tela muito boa pro modelo dele, nÃ£o trava muito em tarefas simples e os apps nÃ£o demoram pra carregar. o delay Ã© nÃ­tido mas nÃ£o Ã© tÃ£o forte, a digitaÃ§Ã£o Ã© rÃ¡pida e nÃ£o fica travando no meio, como alguns do ios mais atual (nÃ£o sei se Ã© sÃ³ o meu KKKK). por fim, concluo que pelo preÃ§o foi uma compra boa, jÃ¡ que minha intenÃ§Ã£o nÃ£o era nada muito â€œpocadoâ€, porque jÃ¡ tenho um ipad recente e consideravelmente novo.    espero que vocÃªs gostem do vÃ­deo e que tenha sanado algumas dÃºvidas pra quem tiver interesse! ğŸ«¶ğŸ» ğ„¹ meus cupons de desconto: ğŸ·ï¸ artes da dianinha: EDUARDA fofuns: MARIANAFOFUNS stationery pal: STUDCHUU15 phomemo: STUDCHUU acefast: STUDCHUU divoom: STUDCHUU   â•°â”ˆâ”ˆ tags! || #letras #handwriting #resumos #study #studybrasil #studygram #studies #escrita #estudos #escrever #handwritten #notes #resumos #aesthetic #pentel #studyvlog #materialescolar #materialgirl #ï½ï½…ï½“ï½”ï½ˆï½…ï½”ï½‰ï½ƒ #cadernos #cadernobonito #fichario #f #fypã‚· #fyp #reels #ipad #ipadmini #ipadstudy #ipadshopee "
7365825808163769632,sunny_stuff7,"jjk, gojousatoru, gojo, gegeakutami, gege, jujutsukaisen, jujutsukaisenedit, jjkfanart, doodle, animetiktok",At the end of the day they share the same personality #jjk #gojousatoru #gojo #gegeakutami #gege #jujutsukaisen #jujutsukaisenedit #jjkfanart #doodle #animetiktok 
7357856448912641312,qayzed.edits,"jjk, ryoikitenkai, manga, edit, zoro",RYOIKI TENKAI - KING OF HELL ğŸ”¥â€¦ #jjk #ryoikitenkai #manga #edit #zoro 
7362039423099292934,kawaiiovellha,"setupgaming, desksetup, hellsing, anime, viral, setup, setupgamer, ps5, playstation, capcut",ğŸ¥µğŸ¥µ | #setupgaming #desksetup #hellsing #anime #viral #setup #setupgamer #ps5 setup â€¢ desk â€¢ gamer â€¢ girl gamer â€¢ otaku â€¢ weeb #playstation      #CapCut 
7355652380454571297,makoto.gif,"evangelion, neongenesisevangelion, asukalangley, anime, animeedit",#evangelion #neongenesisevangelion #asukalangley #anime #animeedit
7370086833192963334,7musicc2,"memesbr, comediahumor, reportagemengracada, tv, brasil",Pt.12 | As pÃ©rolas da Tv Brasileira ğŸ‡§ğŸ‡·ğŸ˜‚ #memesbr #comediahumor #reportagemengracada #tv #brasil 
7365641918006480160,anixz.x,"anime, aesthetic, studioghibli",âœ®â‹†Ë™ . . . . . #anime #aesthetic #studioghibli 
7369604546923957509,polarisstorecix,"gojousatoru, gojo, aoitodo, jujutsukaisen, limaperÃº",Estaba en borradores ya hace un tiempo ğŸ’™ Mi Gojo es eterno ğŸ’” #gojousatoru #gojo #aoitodo #jujutsukaisen #limaperÃº 
7366726753852673285,euamandatingles,,os primeiros 30 anos da adolescÃªncia Ã© difÃ­cil  ğŸ˜‚
7361466956517592325,serena.tech,"codingdays, codingisfun, peoplewhocode, 100daysofcode, developer, code, technology, python, javascript, tech, java, computerscience, software, webdeveloper, dataanalytics, datavisualization, dataanalyst, fyp, fypã‚·","ğŸ”Ever wondered how the wallflower of the class aces every assignment? I discovered her secret during a break.  She wasnâ€™t pouring over textbooks, but uploading images to an AI platform. Lo and behold! In mere seconds, she had the perfect code.ğŸ˜² âš™ï¸The name? BLACKBOX AI. Yeah, I hadnâ€™t heard of it either, but itâ€™s a game-changer.  ğŸš€Next semester, BLACKBOX AI wonâ€™t just be my secret weapon - itâ€™ll be the only tool I use. Check out www.blackbox.ai and prepare to be mind-blown!ğŸ’¥ ğŸ’¡Remember, itâ€™s not about the hours you put in; itâ€™s about the work you put in the hours. Hereâ€™s to smarter studying, not harder! ğŸ“ #codingdays #codingisfun #peoplewhocode #100daysofcode #developer #code #technology #python #javascript #tech #java #computerscience #software #webdeveloper #dataanalytics #python#datavisualization #dataanalyst #fyp #fypã‚· "
7359998844429421830,camiladmls,"cadeiragamer, setupgaming, setup, pc, pcgaming, wallpaper, setupwhite",A cadeira de bar enferrujada Ã© o charme kkkkk #cadeiragamer #setupgaming #setup #pc #pcgaming #wallpaper #setupwhite 
7370066032490335520,namikazetech,"wallpaper, wallpaperengine, setup, fyp, techtok, namikazetech",10/10 wallpapers on walllpaper engine ğŸ«¡ #wallpaper #wallpaperengine #setup #fyp #techtok #namikazetech 
7370481263297318150,edits.wcxxxx,"gyutaro, tengen, tanjiro, demonslayer, anime, edit, amv, animelover",Tengen vs Gyutaro ğŸ”¥ğŸ‘‘ #gyutaro #tengen #tanjiro #demonslayer #anime #edit #amv #animelover 
7344857908930284843,bithewayimgrace,"satorugojo, gojo, jujutsukaisen, jjk, jujutsukaisenedit, fypã‚·, animefypã‚·, anime, animecon, animeconvention, daddyshome",#satorugojo #gojo #jujutsukaisen #jjk #jujutsukaisenedit #fypã‚· #animefypã‚· #anime #animecon #animeconvention #daddyshome 
7346585872852143367,heyeaslo,"productivity, minimal, setuptour",Hourglass is my favorite desk item. Check out my full setup tour on YouTube.  #productivity #minimal #setuptour 
7354027644939210027,levislimbs,"roominspo, roomtour, mangashelf, videodiary, digitaldiary, trinkets, anitok, animanga, pinterest, pinterestroom, jjk, gojo, csm, aot, manga, deathnote, mobpsycho, tvgirl, thesmiths",sorry for not responding to comments on my vids. i've been on a massive napping streak :/ #roominspo #roomtour #mangashelf #videodiary #digitaldiary #trinkets #anitok #animanga #pinterest #pinterestroom #jjk #gojo #csm #aot #manga #deathnote #mobpsycho #tvgirl #thesmiths 
7375366116417211654,alancarlos.manaus,,Alinhamento com as lideranÃ§as 
7375165910295842054,yasmim.fernandessr,"coelho, bunny, rabbit, petsoftiktok, conejo, veterinarian",ter um coelho nÃ£o Ã© um morango. #coelho #bunny #rabbit #petsoftiktok #conejo #veterinarian  
7374799139109883141,roblox_brasil.24,"granularvelocity, viralcut, velocity, capcutvelocity, capcut",#GranularVelocity #ViralCut #velocity #CapCutVelocity #CapCut 
7374161807147044138,pearllhime,"jujutsukaisen, jjk, shoko, gojo",the sturdiest in shibuya (gojo: @Gale ) #jujutsukaisen #jjk #shoko #gojo 
7367100953293557035,h4z3_th3_sk1d,linux,Replying to @Aurora thanks for the question! hope this helps you fall in love with the most popular free and open source operating system in the universe. #linux 
7356669258023111942,edit.akio7,"mahito, mahitojujutsukaisen, mahitoedit, jjk, edit, anime",Mahito Expand the field ğŸ¤¯ #mahito #mahitojujutsukaisen #mahitoedit #jjk #edit #anime 
7375992487107710213,segue_o_ruivo,"ryzen7800x3d, lian, Asus, nzxt, rtx4080, kingston",#ryzen7800x3d #lian li #asus #nzxt#rtx4080#kingston @Segue_O_Ruivo
7352326579403361578,unflrt,"desk, desksetup, keebtok, keyboard, cozysetup, minimalist, keycaps, ceramic, room, mechanicalkeyboard, fyp, hirono, monitor, cozy, typing",it was a tough choice between these and the pink ones ğŸ«  ceramic keycaps gifted by @cerakeyofficial !! thank u ğŸ¤  yunzii yz75 board gateron g pro red switches cerakey a+b+e keycap set #desk #desksetup #keebtok #keyboard #cozysetup #minimalist #keycaps #ceramic #room #mechanicalkeyboard #fyp #hirono #monitor #cozy #typing 
7368099263403904261,shimiti01,"japan, tokyo, shimiti, fypã‚·, japÃ£o, brasileirospelomundo, brasileironojapaoğŸ‡§ğŸ‡·ğŸ‡¯ğŸ‡µ, foryou, shibuya, shinjuku","A decadÃªncia de shinjuku e seus â€œmoradoresâ€ de ruaâ€¦ cada dia que passa aumenta mais o numero de pessoas jogadas na praca, bebendo se drogando, se prostiâ€¦ e uma sujeira sem fim!! #japan #tokyo #shimiti #fypã‚· #japÃ£o #brasileirospelomundo #brasileironojapaoğŸ‡§ğŸ‡·ğŸ‡¯ğŸ‡µ #foryou #shibuya #shinjuku "
7369054582045035781,fc_mamonaslive,"mamonasassasinas, mamonas, fyp, bentohinoto, dinhoalves, juliorasec, sergioreoli, samuelreoli, mamonasvive",o tanto que eu amei esse vÃ­deo KAKAKAKAKAKAK #mamonasassasinas #mamonas #fyp #bentohinoto #dinhoalves #juliorasec #sergioreoli #samuelreoli #mamonasvive 
7361471565931859208,boechatgaby,"fone, jbl, qcy, ht05, fonesemfio","melhor troca, LINK NA BIO #fone #jbl #qcy #ht05 #fonesemfio "
7372249519515323654,mariana.lisboa28,"studytime, timelipsevideo, motivation, estudosdiarios, registrandooprocesso, foconolongoprazo, umporcentoaodia, studytok","Minha nova cadeira ğŸ’º ğŸ¤ŒğŸ¤ğŸ¥¹ Registrando o processo ğŸˆğŸŒ±ğŸ§‘â€ğŸ’»ğŸ“š O que vocÃª jÃ¡ fez hoje que te deixa mais prÃ³ximo do teu objetivo?! ""A excelÃªncia Ã© a uniÃ£o de comportamentos que nada tem de extraordinÃ¡rio se olhados isoladamente"" #studytime #timelipsevideo #motivation #estudosdiarios #registrandooprocesso #foconolongoprazo #umporcentoaodia #studytok"
7359641031471648005,animeseduardo,"luffy, luffygear5, onepiece, liveactionanime",Qual ficou melhor? Live action One Piece - Luffy Gear 5  #luffy #luffygear5 #onepiece #liveactionanime 
7375882804090948869,drawnarts,artistatiktok,"Como jÃ¡ dizia a Dori ""continue a nadar"" #artistatiktok "
7375353171633245445,gabrielvalland,,colocando filtro ate meu pai perceber 
7375941608455310598,fortechtecnologia,"upgrade, gamer, notalento, navegamer",#upgrade #gamer #notalento #navegamer 
7375973298909318433,headbehindabookaesthetic,"fictioneditor, fantasybookeditor, fantasyeditor, bookeditor, manuscript, authorsoftiktok, fantasywriter, indieauthors, writertok, authortok","* also free for manuscript evaluations for July/August! I have a really cool job, and i work with really talented authors. ğŸ’ğŸ»â€â™€ï¸ IB: @Kourtney Spak | Fiction Editor  #fictioneditor #fantasybookeditor #fantasyeditor #bookeditor #manuscript #authorsoftiktok #fantasywriter #indieauthors #writertok #authortok "
7350036971512777990,naaticris,"rh, vagasdeemprego, homeoffice",Aqui vai alguns:  1. Remotar;  2. Trampos;  3. FlexJobs;  4. Workana;  5. Infojobs (com filtro especifico). Boa sorte ğŸ«¶ #rh #vagasdeemprego #homeoffice 
7345167251542117638,myuunyan,"quntis, luzdemonitor, setupgamer, monitorlight, desksetup, setup, screenbarlight, desksetupidea, desklamp, setupessentials, essenciaisparasetup, dicadesetup","ğŸŒŸ Ilumine seu setup com a nova luz de monitor Quntis! Controle remoto inteligente, 3 modos de iluminaÃ§Ã£o e design ergonÃ´mico para cuidar dos seus olhos. ğŸ‘€âœ¨  #Quntis #LuzdeMonitor #SetupGamer  #quntis #monitorlight #desksetup #setup #monitorlight #screenbarlight #desksetup #desksetupidea #desklamp #setupessentials #essenciaisparasetup #dicadesetup "
7375984105432894725,readwith.mar,"booktok, books, booktokfyp, bookworm, bookishtiktok, bookish, foryoupage, foryou, bookshelf, bookrecs, bookrecommendations, reading, readingbooks, bookclub, readingslump, bookslump",ğŸ«¶ğŸ» #booktok #books #booktokfyp #bookworm #bookishtiktok #bookish #foryoupage #foryou #bookshelf #bookrecs #bookrecommendations #reading #readingbooks #bookclub #readingslump #bookslump 
7375565696199183621,viyaura,"digitalart, drawing, art, artmeme",artist perk is learning to spin your pen #digitalart #drawing #art #artmeme beginner tutorial how to spin pen
7348850953552071982,imsimplymika,"whitesetup, whitepc, whiteaesthetic, aesthetic, custompc, lianli, pcgaming, gaming, pcsetup, pcgamer, gamingpc, gamingontiktok, gamergirl, girlgamer, sakurasetup, gamingsetup",smol setup update ğŸ¤ #whitesetup #whitepc #whiteaesthetic #aesthetic #custompc #lianli #pcgaming #gaming #pcsetup #pcgamer #gamingpc #gamingontiktok #gamergirl #girlgamer #sakurasetup #gamingsetup 
7352924507096567072,cozyaddy_,"cerakey, ceramickeycaps, keycaps, cozygamingsetup, gamingsetup, desksetup, pcsetup, aesthetic, foryou, fyp","trying out the ceramic keycaps from @cerakeyofficial ğŸŒ¸ i got the pink ones, but they have so many other beautiful colors to chose from! (gifted) link to the keycaps in biÃ¶. keep in mind that they are only compatible with MX switches.  #cerakey #ceramickeycaps #keycaps #cozygamingsetup #gamingsetup #desksetup #pcsetup #aesthetic #foryou #fyp "
7346313845868072197,ezhardwarebr,"pc, pcgamer, pcbarato, setupgamer","O #pc c Ryzen mais barato possÃ­vel para rodar muita coisa! (Link das peÃ§as para montar esse Pc, estÃ¡ na minha bio) #pcgamer #pcbarato #setupgamer "
